product_id,month,price
P001,1,4386.77
P001,2,3742.03
P001,3,3749.99
P001,4,4380.19
P001,5,3675.15
P001,6,3079.84
P001,7,4013.21
P001,8,2999.42
P001,9,4349.81
P001,10,3807.88
P001,11,4153.07
P001,12,4121.75
P002,1,502.73
P002,2,676.85
P002,3,657.19
P002,4,572.95
P002,5,613.2
P002,6,596.54
P002,7,552.43
P002,8,622.34
P002,9,564.11
P002,10,607.36
P002,11,602.05
P002,12,484.81
P003,1,537.71
P003,2,550.7
P003,3,495.42
P003,4,376.36
P003,5,559.08
P003,6,474.17
P003,7,466.98
P003,8,472.24
P003,9,406.81
P003,10,522.85
P003,11,437.55
P003,12,439.58
P004,1,384.51
P004,2,425.1
P004,3,432.83
P004,4,402.34
P004,5,480.14
P004,6,349.14
P004,7,413.97
P004,8,436.83
P004,9,350.77
P004,10,423.6
P004,11,391.24
P004,12,509.16
P005,1,2289.66
P005,2,1657.32
P005,3,1992.56
P005,4,1673.02
P005,5,2119.17
P005,6,2359.78
P005,7,2330.12
P005,8,2479.09
P005,9,2196.04
P005,10,2415.59
P005,11,2130.67
P005,12,2210.87
P006,1,1447.38
P006,2,1376.18
P006,3,1675.19
P006,4,1669.8
P006,5,1686.92
P006,6,1370.7
P006,7,1639.45
P006,8,1536.09
P006,9,1608.13
P006,10,1390.03
P006,11,1445.11
P006,12,1225.95
P007,1,2680.76
P007,2,1989.77
P007,3,2361.13
P007,4,2654.19
P007,5,2829.12
P007,6,2563.73
P007,7,2380.86
P007,8,2099.33
P007,9,2931.14
P007,10,2505.58
P007,11,2852.19
P007,12,2768.72
P008,1,1224.21
P008,2,1141.68
P008,3,1110.59
P008,4,1070.54
P008,5,1460.19
P008,6,1121.07
P008,7,1445.47
P008,8,1107.74
P008,9,1186.24
P008,10,1409.56
P008,11,1030.99
P008,12,1343.55
P009,1,3796.7
P009,2,2982.93
P009,3,4122.27
P009,4,3478.33
P009,5,3673.91
P009,6,3547.72
P009,7,4229.16
P009,8,2806.69
P009,9,3891.69
P009,10,3620.41
P009,11,3441.89
P009,12,3667.69
P010,1,4731.8
P010,2,4490.8
P010,3,4707.94
P010,4,4340.66
P010,5,3469.12
P010,6,4548.26
P010,7,3351.22
P010,8,4282.97
P010,9,4196.59
P010,10,3718.37
P010,11,4659.51
P010,12,3881.22
P011,1,5605.35
P011,2,5792.78
P011,3,4795.8
P011,4,5131.58
P011,5,5008.14
P011,6,4898.88
P011,7,6044.74
P011,8,4548.83
P011,9,5590.84
P011,10,6227.95
P011,11,5388.36
P011,12,6130.64
P012,1,3460.44
P012,2,3128.28
P012,3,3728.86
P012,4,3468.64
P012,5,2991.14
P012,6,2980.3
P012,7,3697.0
P012,8,3657.56
P012,9,3990.7
P012,10,2870.89
P012,11,3691.34
P012,12,4067.37
P013,1,1203.91
P013,2,1416.34
P013,3,1471.32
P013,4,1514.12
P013,5,1543.5
P013,6,1427.87
P013,7,1439.82
P013,8,1649.46
P013,9,1513.99
P013,10,1493.09
P013,11,1621.02
P013,12,1411.34
P014,1,2158.43
P014,2,1803.35
P014,3,1483.75
P014,4,1556.86
P014,5,1770.96
P014,6,1515.19
P014,7,1517.95
P014,8,1682.1
P014,9,2086.69
P014,10,2241.18
P014,11,2007.0
P014,12,1588.04
P015,1,3355.14
P015,2,4597.37
P015,3,3599.29
P015,4,4179.14
P015,5,3865.3
P015,6,4026.81
P015,7,4308.02
P015,8,4410.2
P015,9,4214.77
P015,10,3634.21
P015,11,4361.35
P015,12,3917.25
P016,1,2052.78
P016,2,2297.34
P016,3,2211.2
P016,4,2208.47
P016,5,1655.93
P016,6,1942.14
P016,7,1972.07
P016,8,2289.88
P016,9,2201.81
P016,10,2441.91
P016,11,1661.76
P016,12,2251.87
P017,1,1557.59
P017,2,2053.29
P017,3,2047.03
P017,4,1736.27
P017,5,1574.32
P017,6,1878.28
P017,7,1934.68
P017,8,1680.19
P017,9,1844.47
P017,10,1956.2
P017,11,1552.67
P017,12,1946.12
P018,1,4119.52
P018,2,4624.6
P018,3,5682.26
P018,4,3884.05
P018,5,5640.76
P018,6,5190.91
P018,7,3972.84
P018,8,3817.11
P018,9,4288.89
P018,10,4259.46
P018,11,4055.09
P018,12,5410.37
P019,1,2826.83
P019,2,3514.22
P019,3,4217.24
P019,4,2878.0
P019,5,4204.01
P019,6,3709.01
P019,7,3972.78
P019,8,3751.51
P019,9,4076.45
P019,10,3267.76
P019,11,3997.02
P019,12,3639.3
P020,1,3344.53
P020,2,4426.77
P020,3,4116.0
P020,4,4851.8
P020,5,4107.83
P020,6,4560.73
P020,7,3491.98
P020,8,4146.15
P020,9,3908.04
P020,10,3815.96
P020,11,4726.34
P020,12,4351.16
P021,1,4498.5
P021,2,4422.52
P021,3,5753.32
P021,4,5080.5
P021,5,4789.87
P021,6,4965.11
P021,7,5351.74
P021,8,5143.36
P021,9,4060.1
P021,10,4528.77
P021,11,4314.67
P021,12,5129.1
P022,1,1440.35
P022,2,1094.16
P022,3,989.53
P022,4,1423.44
P022,5,1164.73
P022,6,1377.55
P022,7,1027.23
P022,8,1100.71
P022,9,1340.49
P022,10,981.74
P022,11,1234.24
P022,12,1364.36
P023,1,433.38
P023,2,432.37
P023,3,428.42
P023,4,394.09
P023,5,458.12
P023,6,398.39
P023,7,355.48
P023,8,357.93
P023,9,515.85
P023,10,480.08
P023,11,436.78
P023,12,453.69
P024,1,3716.92
P024,2,4458.18
P024,3,3721.16
P024,4,4557.12
P024,5,4823.12
P024,6,3707.71
P024,7,4810.87
P024,8,4899.19
P024,9,4656.2
P024,10,4114.27
P024,11,4789.64
P024,12,3471.46
P025,1,2736.63
P025,2,2032.75
P025,3,2769.39
P025,4,2047.77
P025,5,2085.35
P025,6,2196.67
P025,7,2275.23
P025,8,2082.37
P025,9,2880.72
P025,10,2975.7
P025,11,2440.74
P025,12,2486.96
P026,1,3771.62
P026,2,3626.82
P026,3,3747.03
P026,4,3301.03
P026,5,3116.16
P026,6,4291.04
P026,7,3210.46
P026,8,4333.25
P026,9,3181.32
P026,10,4501.49
P026,11,3694.73
P026,12,3933.43
P027,1,1400.83
P027,2,1655.47
P027,3,1604.48
P027,4,1395.48
P027,5,1810.31
P027,6,1459.71
P027,7,1743.07
P027,8,1234.3
P027,9,1314.99
P027,10,1355.84
P027,11,1694.61
P027,12,1726.77
P028,1,6156.93
P028,2,4910.21
P028,3,5672.57
P028,4,4917.13
P028,5,6241.27
P028,6,6417.51
P028,7,6196.66
P028,8,5703.81
P028,9,6399.58
P028,10,4272.05
P028,11,6213.81
P028,12,4564.85
P029,1,2113.54
P029,2,2694.78
P029,3,2499.22
P029,4,2667.2
P029,5,2161.0
P029,6,2297.76
P029,7,2879.47
P029,8,2862.51
P029,9,2299.61
P029,10,3059.22
P029,11,2999.92
P029,12,2223.76
P030,1,1363.73
P030,2,1648.53
P030,3,1408.96
P030,4,1318.09
P030,5,1684.11
P030,6,1615.9
P030,7,1278.46
P030,8,1736.79
P030,9,1894.05
P030,10,1603.77
P030,11,1666.81
P030,12,1290.8
P031,1,1140.72
P031,2,953.17
P031,3,929.44
P031,4,1100.14
P031,5,1265.4
P031,6,1000.6
P031,7,1140.55
P031,8,945.97
P031,9,968.52
P031,10,872.59
P031,11,927.69
P031,12,1057.94
P032,1,297.53
P032,2,341.96
P032,3,346.53
P032,4,273.92
P032,5,329.54
P032,6,361.86
P032,7,382.11
P032,8,276.1
P032,9,295.5
P032,10,358.9
P032,11,349.04
P032,12,339.46
P033,1,379.26
P033,2,393.76
P033,3,449.82
P033,4,388.87
P033,5,414.86
P033,6,408.8
P033,7,466.49
P033,8,416.09
P033,9,349.86
P033,10,443.86
P033,11,345.16
P033,12,379.95
P034,1,3656.99
P034,2,3744.33
P034,3,2808.49
P034,4,3531.87
P034,5,3387.86
P034,6,3523.63
P034,7,3745.42
P034,8,3688.16
P034,9,3394.61
P034,10,3638.4
P034,11,3323.6
P034,12,3579.89
P035,1,1003.51
P035,2,919.42
P035,3,1026.36
P035,4,1328.78
P035,5,1159.61
P035,6,1214.15
P035,7,972.89
P035,8,1089.33
P035,9,1327.57
P035,10,1183.44
P035,11,1311.2
P035,12,965.84
P036,1,1737.03
P036,2,1438.63
P036,3,1637.27
P036,4,1380.52
P036,5,1546.43
P036,6,2073.44
P036,7,2086.42
P036,8,1870.06
P036,9,1923.14
P036,10,1474.84
P036,11,1488.54
P036,12,1784.44
P037,1,1220.72
P037,2,1373.09
P037,3,1012.05
P037,4,1303.37
P037,5,1406.39
P037,6,959.44
P037,7,1318.02
P037,8,1054.59
P037,9,1070.81
P037,10,1055.72
P037,11,1271.83
P037,12,1196.89
P038,1,1761.82
P038,2,1496.68
P038,3,1844.93
P038,4,1821.04
P038,5,1267.82
P038,6,1667.87
P038,7,1309.44
P038,8,1878.15
P038,9,1658.04
P038,10,1421.36
P038,11,1729.25
P038,12,1621.93
P039,1,4531.05
P039,2,4174.5
P039,3,4177.93
P039,4,4563.33
P039,5,5135.54
P039,6,3623.89
P039,7,3944.04
P039,8,5272.72
P039,9,3891.18
P039,10,4228.27
P039,11,4986.31
P039,12,4116.23
P040,1,4494.89
P040,2,4653.32
P040,3,3177.28
P040,4,4644.71
P040,5,3903.59
P040,6,3551.73
P040,7,4028.71
P040,8,3636.92
P040,9,3418.05
P040,10,3429.98
P040,11,4175.34
P040,12,4535.62
P041,1,3659.93
P041,2,3306.14
P041,3,3185.02
P041,4,2873.73
P041,5,3680.19
P041,6,3398.58
P041,7,3559.0
P041,8,3640.05
P041,9,3300.81
P041,10,3060.79
P041,11,2894.61
P041,12,3561.23
P042,1,244.26
P042,2,289.87
P042,3,335.52
P042,4,245.72
P042,5,248.07
P042,6,339.34
P042,7,290.36
P042,8,276.94
P042,9,344.99
P042,10,304.96
P042,11,334.03
P042,12,315.86
P043,1,4321.06
P043,2,4521.87
P043,3,3356.92
P043,4,3978.62
P043,5,3763.2
P043,6,3779.55
P043,7,3361.34
P043,8,3666.51
P043,9,3239.13
P043,10,3940.55
P043,11,4235.26
P043,12,4005.22
P044,1,246.58
P044,2,211.32
P044,3,264.54
P044,4,288.86
P044,5,255.38
P044,6,201.16
P044,7,232.95
P044,8,207.67
P044,9,195.79
P044,10,247.8
P044,11,287.53
P044,12,264.41
P045,1,5498.64
P045,2,5051.11
P045,3,4184.24
P045,4,5650.71
P045,5,5039.58
P045,6,5602.4
P045,7,4901.1
P045,8,5348.53
P045,9,4013.67
P045,10,5160.22
P045,11,5651.47
P045,12,4917.01
P046,1,3326.96
P046,2,4975.45
P046,3,4519.25
P046,4,4084.37
P046,5,4065.34
P046,6,4864.72
P046,7,4552.84
P046,8,4079.9
P046,9,4976.66
P046,10,4173.48
P046,11,4677.87
P046,12,3941.83
P047,1,5348.92
P047,2,5553.93
P047,3,5413.6
P047,4,4895.15
P047,5,4596.02
P047,6,4256.49
P047,7,5271.94
P047,8,5558.36
P047,9,3917.51
P047,10,4939.18
P047,11,4830.83
P047,12,4263.02
P048,1,714.39
P048,2,992.76
P048,3,715.01
P048,4,909.38
P048,5,908.33
P048,6,853.75
P048,7,789.79
P048,8,1015.63
P048,9,866.51
P048,10,752.52
P048,11,873.0
P048,12,933.08
P049,1,1723.09
P049,2,1943.3
P049,3,1966.2
P049,4,2004.03
P049,5,2308.48
P049,6,1832.19
P049,7,1676.92
P049,8,1956.13
P049,9,1960.5
P049,10,1656.91
P049,11,1961.73
P049,12,1901.36
P050,1,6261.92
P050,2,5367.8
P050,3,5795.52
P050,4,4977.11
P050,5,4411.16
P050,6,5990.59
P050,7,4369.84
P050,8,4610.72
P050,9,5814.92
P050,10,6176.48
P050,11,4328.92
P050,12,5216.97
P051,1,747.45
P051,2,751.58
P051,3,699.37
P051,4,719.08
P051,5,542.34
P051,6,636.52
P051,7,705.48
P051,8,752.56
P051,9,757.84
P051,10,659.59
P051,11,695.52
P051,12,552.43
P052,1,2131.52
P052,2,2238.24
P052,3,2474.16
P052,4,2588.53
P052,5,2792.76
P052,6,2267.76
P052,7,2520.86
P052,8,2154.67
P052,9,2825.29
P052,10,1927.84
P052,11,2637.18
P052,12,2044.53
P053,1,1062.7
P053,2,847.03
P053,3,1221.53
P053,4,1257.28
P053,5,1073.3
P053,6,929.09
P053,7,1191.82
P053,8,1069.91
P053,9,1153.7
P053,10,1116.57
P053,11,1142.8
P053,12,1002.66
P054,1,2501.21
P054,2,2816.45
P054,3,1942.57
P054,4,2128.49
P054,5,2249.91
P054,6,2515.6
P054,7,2255.83
P054,8,2054.13
P054,9,1872.29
P054,10,2548.99
P054,11,2760.93
P054,12,2397.55
P055,1,5301.59
P055,2,4962.97
P055,3,5011.26
P055,4,4533.9
P055,5,5482.78
P055,6,4288.23
P055,7,5781.9
P055,8,4751.4
P055,9,4648.41
P055,10,3838.88
P055,11,4184.3
P055,12,4855.77
P056,1,749.02
P056,2,732.05
P056,3,682.1
P056,4,613.87
P056,5,735.14
P056,6,656.92
P056,7,742.67
P056,8,820.86
P056,9,654.61
P056,10,713.56
P056,11,693.46
P056,12,726.07
P057,1,2650.34
P057,2,2770.16
P057,3,3312.04
P057,4,3195.19
P057,5,3462.35
P057,6,3419.47
P057,7,2947.05
P057,8,2668.42
P057,9,2823.62
P057,10,3328.27
P057,11,2621.89
P057,12,3219.53
P058,1,2706.74
P058,2,2316.45
P058,3,2256.73
P058,4,2440.49
P058,5,2606.74
P058,6,2166.4
P058,7,2190.49
P058,8,2302.87
P058,9,2655.03
P058,10,2245.56
P058,11,2459.51
P058,12,2080.97
P059,1,2578.71
P059,2,2467.14
P059,3,2882.89
P059,4,2425.25
P059,5,3084.77
P059,6,3300.29
P059,7,2433.89
P059,8,3074.18
P059,9,2486.21
P059,10,2494.63
P059,11,2521.97
P059,12,2479.59
P060,1,4954.97
P060,2,4957.51
P060,3,4083.77
P060,4,4853.1
P060,5,3654.19
P060,6,3578.89
P060,7,5174.79
P060,8,4332.33
P060,9,3448.17
P060,10,4995.27
P060,11,5178.82
P060,12,4978.75
P061,1,2137.29
P061,2,2084.54
P061,3,2635.58
P061,4,2619.38
P061,5,2329.56
P061,6,2046.06
P061,7,1959.19
P061,8,2508.99
P061,9,2269.62
P061,10,2162.52
P061,11,2495.67
P061,12,1907.54
P062,1,848.05
P062,2,812.03
P062,3,993.43
P062,4,674.84
P062,5,785.38
P062,6,965.59
P062,7,935.92
P062,8,823.98
P062,9,705.68
P062,10,845.41
P062,11,774.27
P062,12,666.36
P063,1,1061.82
P063,2,939.74
P063,3,824.28
P063,4,932.35
P063,5,1139.59
P063,6,860.08
P063,7,891.44
P063,8,894.16
P063,9,1179.65
P063,10,924.68
P063,11,858.74
P063,12,958.18
P064,1,737.43
P064,2,843.86
P064,3,720.17
P064,4,731.52
P064,5,747.54
P064,6,786.1
P064,7,916.42
P064,8,822.72
P064,9,863.67
P064,10,833.84
P064,11,860.44
P064,12,780.96
P065,1,5045.47
P065,2,3831.99
P065,3,4942.05
P065,4,4829.02
P065,5,4340.95
P065,6,3489.54
P065,7,4246.36
P065,8,3718.79
P065,9,5113.4
P065,10,4630.73
P065,11,4453.06
P065,12,4051.92
P066,1,4612.0
P066,2,4154.5
P066,3,5334.0
P066,4,3759.87
P066,5,3859.4
P066,6,3984.36
P066,7,4085.57
P066,8,4160.94
P066,9,5296.09
P066,10,3854.21
P066,11,5112.85
P066,12,4171.58
P067,1,1249.25
P067,2,1358.77
P067,3,1499.03
P067,4,1240.27
P067,5,1277.83
P067,6,1244.13
P067,7,1426.59
P067,8,1385.48
P067,9,1369.53
P067,10,1410.08
P067,11,1348.19
P067,12,1593.09
P068,1,439.02
P068,2,447.2
P068,3,484.63
P068,4,538.02
P068,5,471.81
P068,6,397.37
P068,7,505.48
P068,8,475.2
P068,9,574.75
P068,10,556.91
P068,11,510.92
P068,12,569.09
P069,1,2149.95
P069,2,2327.19
P069,3,2134.09
P069,4,2601.44
P069,5,1831.09
P069,6,2077.2
P069,7,2049.15
P069,8,2365.06
P069,9,2418.48
P069,10,2320.74
P069,11,2125.42
P069,12,2583.41
P070,1,2322.25
P070,2,2459.5
P070,3,2293.48
P070,4,2096.07
P070,5,2034.62
P070,6,1788.49
P070,7,2385.95
P070,8,1751.72
P070,9,1847.04
P070,10,1861.84
P070,11,2289.98
P070,12,2295.08
P071,1,3543.03
P071,2,3857.72
P071,3,3348.93
P071,4,4768.59
P071,5,3986.21
P071,6,3278.51
P071,7,4488.69
P071,8,4071.94
P071,9,4868.53
P071,10,3363.06
P071,11,4230.77
P071,12,3329.95
P072,1,3114.57
P072,2,2516.34
P072,3,2339.11
P072,4,2900.34
P072,5,2575.21
P072,6,2225.43
P072,7,2667.51
P072,8,2274.24
P072,9,2124.66
P072,10,2479.89
P072,11,3096.55
P072,12,3040.19
P073,1,4878.92
P073,2,5714.91
P073,3,5847.35
P073,4,5047.39
P073,5,4191.26
P073,6,5875.58
P073,7,5028.22
P073,8,5134.95
P073,9,4856.87
P073,10,5462.3
P073,11,5728.15
P073,12,4812.21
P074,1,3677.26
P074,2,3523.11
P074,3,4068.65
P074,4,3447.3
P074,5,3077.16
P074,6,2877.1
P074,7,3194.58
P074,8,3346.31
P074,9,2973.32
P074,10,2762.22
P074,11,3507.89
P074,12,3849.6
P075,1,2096.76
P075,2,2252.54
P075,3,2509.66
P075,4,2667.72
P075,5,2464.96
P075,6,2737.82
P075,7,2265.85
P075,8,2748.58
P075,9,2781.81
P075,10,2573.75
P075,11,2780.57
P075,12,2523.23
P076,1,136.44
P076,2,182.0
P076,3,152.77
P076,4,140.47
P076,5,171.01
P076,6,166.48
P076,7,178.47
P076,8,138.55
P076,9,129.26
P076,10,165.13
P076,11,157.99
P076,12,176.6
P077,1,280.68
P077,2,289.73
P077,3,242.38
P077,4,284.63
P077,5,271.56
P077,6,242.04
P077,7,232.98
P077,8,219.57
P077,9,227.21
P077,10,224.27
P077,11,262.97
P077,12,262.68
P078,1,786.27
P078,2,722.97
P078,3,670.94
P078,4,619.77
P078,5,868.03
P078,6,580.29
P078,7,868.83
P078,8,659.24
P078,9,611.54
P078,10,706.7
P078,11,576.06
P078,12,600.96
P079,1,754.31
P079,2,834.54
P079,3,915.0
P079,4,1059.82
P079,5,945.97
P079,6,895.64
P079,7,1024.64
P079,8,761.05
P079,9,780.26
P079,10,1045.89
P079,11,806.36
P079,12,854.08
P080,1,2991.99
P080,2,3189.72
P080,3,2715.49
P080,4,3652.04
P080,5,2805.3
P080,6,2977.76
P080,7,2493.86
P080,8,3755.52
P080,9,3414.64
P080,10,2981.99
P080,11,3756.01
P080,12,2801.47
P081,1,3867.81
P081,2,2800.93
P081,3,3520.11
P081,4,2659.79
P081,5,3427.13
P081,6,2813.36
P081,7,3055.72
P081,8,3823.12
P081,9,3789.58
P081,10,2746.51
P081,11,3510.6
P081,12,3532.72
P082,1,4305.89
P082,2,3551.11
P082,3,4185.2
P082,4,3863.08
P082,5,3971.88
P082,6,3427.41
P082,7,4512.7
P082,8,5054.06
P082,9,3752.11
P082,10,4102.08
P082,11,3362.04
P082,12,4738.18
P083,1,4736.74
P083,2,4375.04
P083,3,4082.59
P083,4,5472.34
P083,5,4729.81
P083,6,4939.83
P083,7,4935.34
P083,8,3913.89
P083,9,5093.11
P083,10,4093.38
P083,11,4574.4
P083,12,4930.63
P084,1,809.16
P084,2,1038.48
P084,3,962.15
P084,4,708.03
P084,5,815.37
P084,6,742.13
P084,7,881.07
P084,8,725.23
P084,9,863.44
P084,10,801.28
P084,11,889.06
P084,12,920.41
P085,1,2219.97
P085,2,2760.5
P085,3,2603.04
P085,4,1896.37
P085,5,2250.2
P085,6,2594.32
P085,7,2124.05
P085,8,1914.38
P085,9,2576.67
P085,10,2430.14
P085,11,2413.97
P085,12,2361.71
P086,1,4877.62
P086,2,4831.77
P086,3,4394.9
P086,4,4682.35
P086,5,5475.42
P086,6,4941.14
P086,7,5461.32
P086,8,4070.45
P086,9,4806.97
P086,10,4644.59
P086,11,5379.6
P086,12,4827.77
P087,1,2632.49
P087,2,2994.09
P087,3,2690.78
P087,4,2946.61
P087,5,3114.33
P087,6,2818.61
P087,7,2531.36
P087,8,2819.13
P087,9,2482.62
P087,10,2193.47
P087,11,3208.97
P087,12,3042.56
P088,1,3293.56
P088,2,4075.22
P088,3,4205.95
P088,4,3236.93
P088,5,3441.32
P088,6,3642.02
P088,7,3502.94
P088,8,3145.24
P088,9,4036.67
P088,10,3062.09
P088,11,4478.57
P088,12,3275.76
P089,1,1781.56
P089,2,1851.87
P089,3,1930.33
P089,4,1782.07
P089,5,2347.98
P089,6,2113.1
P089,7,2207.09
P089,8,2331.48
P089,9,2300.24
P089,10,1798.09
P089,11,1957.34
P089,12,2418.58
P090,1,3402.17
P090,2,5026.28
P090,3,4551.74
P090,4,5039.46
P090,5,4867.15
P090,6,4216.01
P090,7,4521.64
P090,8,4024.38
P090,9,4708.67
P090,10,4971.53
P090,11,4849.17
P090,12,4799.49
P091,1,2444.42
P091,2,3145.71
P091,3,3035.35
P091,4,3293.05
P091,5,3418.78
P091,6,2469.07
P091,7,2642.27
P091,8,3023.38
P091,9,2498.31
P091,10,2661.25
P091,11,2854.97
P091,12,2613.67
P092,1,1796.04
P092,2,1734.77
P092,3,2001.08
P092,4,1726.58
P092,5,1726.38
P092,6,1858.99
P092,7,1873.23
P092,8,1739.38
P092,9,1808.47
P092,10,1828.26
P092,11,1633.91
P092,12,1406.06
P093,1,1352.73
P093,2,1230.39
P093,3,1207.55
P093,4,1284.66
P093,5,1222.29
P093,6,1255.59
P093,7,1423.89
P093,8,1408.23
P093,9,1230.45
P093,10,1455.84
P093,11,1379.16
P093,12,1160.96
P094,1,4734.49
P094,2,5096.62
P094,3,4152.96
P094,4,3997.66
P094,5,4570.02
P094,6,4249.84
P094,7,4578.68
P094,8,4943.49
P094,9,4221.58
P094,10,4395.03
P094,11,5347.55
P094,12,3546.15
P095,1,238.3
P095,2,269.25
P095,3,236.02
P095,4,250.74
P095,5,344.3
P095,6,234.82
P095,7,355.96
P095,8,260.62
P095,9,273.02
P095,10,329.59
P095,11,350.87
P095,12,335.88
P096,1,5521.88
P096,2,4719.87
P096,3,4836.67
P096,4,4838.53
P096,5,3899.88
P096,6,4619.77
P096,7,4021.45
P096,8,4235.56
P096,9,5463.9
P096,10,4205.81
P096,11,4218.36
P096,12,4305.01
P097,1,5210.72
P097,2,5207.71
P097,3,4462.71
P097,4,4165.59
P097,5,4689.95
P097,6,5024.37
P097,7,5036.54
P097,8,5906.8
P097,9,5491.16
P097,10,5738.34
P097,11,4204.07
P097,12,5362.78
P098,1,683.51
P098,2,957.08
P098,3,805.64
P098,4,947.07
P098,5,997.37
P098,6,788.9
P098,7,982.43
P098,8,824.36
P098,9,1000.34
P098,10,713.02
P098,11,943.61
P098,12,935.56
P099,1,3697.82
P099,2,3804.73
P099,3,3406.69
P099,4,3404.4
P099,5,2623.8
P099,6,3258.82
P099,7,2981.9
P099,8,3313.55
P099,9,2992.05
P099,10,3492.95
P099,11,2757.58
P099,12,3460.36
P100,1,5595.06
P100,2,5544.03
P100,3,5121.04
P100,4,4776.79
P100,5,3836.27
P100,6,4498.96
P100,7,5186.04
P100,8,3948.57
P100,9,4313.32
P100,10,4584.1
P100,11,5106.45
P100,12,4724.25
P101,1,3046.09
P101,2,3238.6
P101,3,3289.52
P101,4,3662.42
P101,5,3753.27
P101,6,3355.26
P101,7,2954.84
P101,8,3234.06
P101,9,3483.26
P101,10,3468.88
P101,11,4086.05
P101,12,3416.6
P102,1,60.65
P102,2,61.33
P102,3,65.99
P102,4,73.24
P102,5,70.15
P102,6,56.96
P102,7,65.52
P102,8,64.15
P102,9,59.17
P102,10,63.56
P102,11,72.41
P102,12,75.66
P103,1,1342.44
P103,2,1460.15
P103,3,1767.92
P103,4,1755.67
P103,5,1638.52
P103,6,1519.34
P103,7,1834.87
P103,8,1384.34
P103,9,1679.07
P103,10,1333.79
P103,11,1707.2
P103,12,1288.01
P104,1,731.14
P104,2,593.03
P104,3,698.16
P104,4,566.5
P104,5,756.97
P104,6,605.44
P104,7,620.9
P104,8,749.14
P104,9,610.29
P104,10,656.49
P104,11,617.73
P104,12,731.26
P105,1,3756.33
P105,2,4354.53
P105,3,4719.18
P105,4,4358.78
P105,5,4491.53
P105,6,5151.8
P105,7,4620.33
P105,8,4572.39
P105,9,4050.89
P105,10,4997.56
P105,11,4319.44
P105,12,3834.26
P106,1,3033.68
P106,2,3252.51
P106,3,4024.28
P106,4,3362.37
P106,5,3663.84
P106,6,4411.31
P106,7,3043.78
P106,8,3968.01
P106,9,3972.07
P106,10,4361.03
P106,11,3500.81
P106,12,3108.05
P107,1,2954.96
P107,2,3755.42
P107,3,3082.33
P107,4,3885.99
P107,5,3247.62
P107,6,3520.1
P107,7,3783.15
P107,8,3215.27
P107,9,3367.59
P107,10,2677.97
P107,11,2828.14
P107,12,3868.38
P108,1,4616.47
P108,2,4902.52
P108,3,3634.72
P108,4,5297.91
P108,5,4134.47
P108,6,4483.13
P108,7,4962.68
P108,8,3594.42
P108,9,4849.45
P108,10,4229.55
P108,11,4129.56
P108,12,5436.85
P109,1,321.49
P109,2,242.71
P109,3,218.73
P109,4,240.67
P109,5,255.19
P109,6,323.89
P109,7,322.81
P109,8,317.63
P109,9,318.19
P109,10,237.07
P109,11,250.1
P109,12,255.82
P110,1,3720.48
P110,2,4808.68
P110,3,4424.59
P110,4,4713.39
P110,5,5070.91
P110,6,4729.05
P110,7,4234.75
P110,8,4520.41
P110,9,4251.52
P110,10,4042.04
P110,11,4580.03
P110,12,4293.21
P111,1,1529.92
P111,2,1924.16
P111,3,1870.07
P111,4,1948.07
P111,5,1583.33
P111,6,1534.72
P111,7,1951.46
P111,8,2110.55
P111,9,2118.82
P111,10,1755.77
P111,11,2118.39
P111,12,2013.19
P112,1,556.5
P112,2,536.52
P112,3,447.57
P112,4,427.84
P112,5,529.55
P112,6,570.32
P112,7,453.28
P112,8,596.58
P112,9,444.83
P112,10,419.46
P112,11,482.7
P112,12,625.74
P113,1,5583.36
P113,2,4294.63
P113,3,5161.03
P113,4,5310.09
P113,5,4947.96
P113,6,5146.78
P113,7,3998.05
P113,8,4068.53
P113,9,3958.07
P113,10,3751.69
P113,11,5631.87
P113,12,4908.97
P114,1,2512.32
P114,2,2519.12
P114,3,2503.01
P114,4,2134.95
P114,5,1928.66
P114,6,1982.43
P114,7,2687.78
P114,8,2037.43
P114,9,2754.57
P114,10,2374.5
P114,11,2556.59
P114,12,2087.68
P115,1,197.6
P115,2,205.1
P115,3,178.18
P115,4,183.61
P115,5,199.43
P115,6,248.06
P115,7,244.3
P115,8,246.45
P115,9,183.28
P115,10,222.24
P115,11,181.57
P115,12,181.72
P116,1,1924.03
P116,2,2648.23
P116,3,2168.22
P116,4,2333.78
P116,5,2399.72
P116,6,2566.34
P116,7,2585.72
P116,8,2157.3
P116,9,2482.0
P116,10,2325.28
P116,11,2526.81
P116,12,2429.84
P117,1,4283.21
P117,2,5305.66
P117,3,4616.75
P117,4,4549.63
P117,5,4747.06
P117,6,4864.73
P117,7,3616.0
P117,8,3748.83
P117,9,4400.93
P117,10,5190.52
P117,11,5190.55
P117,12,4004.74
P118,1,5353.41
P118,2,6337.2
P118,3,4253.47
P118,4,5021.48
P118,5,5854.82
P118,6,6290.35
P118,7,4585.69
P118,8,5136.53
P118,9,6117.85
P118,10,5873.61
P118,11,4797.6
P118,12,4534.15
P119,1,1392.6
P119,2,1791.0
P119,3,1644.89
P119,4,1781.21
P119,5,1500.5
P119,6,1616.92
P119,7,1262.49
P119,8,1524.15
P119,9,1319.47
P119,10,1578.23
P119,11,1775.24
P119,12,1553.33
P120,1,3741.9
P120,2,3627.76
P120,3,3138.21
P120,4,3841.29
P120,5,4567.61
P120,6,4566.26
P120,7,4544.54
P120,8,3245.23
P120,9,3628.77
P120,10,4160.88
P120,11,4264.01
P120,12,3366.27
P121,1,2000.73
P121,2,1510.82
P121,3,1980.1
P121,4,1925.05
P121,5,1506.33
P121,6,1980.9
P121,7,1995.86
P121,8,2185.32
P121,9,1908.26
P121,10,1563.25
P121,11,1861.16
P121,12,1474.74
P122,1,1803.48
P122,2,1947.34
P122,3,2416.74
P122,4,2409.18
P122,5,1795.8
P122,6,1780.47
P122,7,2327.3
P122,8,1698.78
P122,9,1923.58
P122,10,2293.16
P122,11,2495.25
P122,12,1906.7
P123,1,4603.16
P123,2,6199.78
P123,3,6337.44
P123,4,4209.11
P123,5,5903.64
P123,6,4228.4
P123,7,5308.07
P123,8,5310.33
P123,9,5997.19
P123,10,5553.53
P123,11,5298.82
P123,12,4683.62
P124,1,5019.65
P124,2,4614.41
P124,3,4591.04
P124,4,4904.91
P124,5,3733.6
P124,6,5458.31
P124,7,4268.47
P124,8,4958.91
P124,9,5336.09
P124,10,4129.65
P124,11,4084.74
P124,12,3829.12
P125,1,4391.9
P125,2,3992.25
P125,3,3770.6
P125,4,4841.46
P125,5,4890.9
P125,6,4356.76
P125,7,3879.07
P125,8,3920.64
P125,9,5657.16
P125,10,4023.57
P125,11,4265.05
P125,12,5004.02
P126,1,521.38
P126,2,495.68
P126,3,493.65
P126,4,575.04
P126,5,531.34
P126,6,452.97
P126,7,387.64
P126,8,535.21
P126,9,445.44
P126,10,561.19
P126,11,545.63
P126,12,533.18
P127,1,4435.57
P127,2,3171.91
P127,3,3830.85
P127,4,3264.6
P127,5,4461.7
P127,6,3600.95
P127,7,3738.21
P127,8,3407.17
P127,9,3405.88
P127,10,3160.96
P127,11,3994.08
P127,12,4656.42
P128,1,4076.28
P128,2,3332.32
P128,3,4405.25
P128,4,4204.12
P128,5,4513.33
P128,6,4376.13
P128,7,3904.49
P128,8,4613.84
P128,9,3622.28
P128,10,4154.16
P128,11,4235.26
P128,12,4747.54
P129,1,983.95
P129,2,937.61
P129,3,1029.11
P129,4,938.14
P129,5,1060.08
P129,6,1089.83
P129,7,833.96
P129,8,856.67
P129,9,818.57
P129,10,788.95
P129,11,925.22
P129,12,1055.66
P130,1,2578.7
P130,2,2058.18
P130,3,2458.76
P130,4,2261.72
P130,5,1899.28
P130,6,2197.92
P130,7,2646.03
P130,8,2063.1
P130,9,2483.61
P130,10,2532.11
P130,11,2104.42
P130,12,1921.22
P131,1,3021.37
P131,2,3366.0
P131,3,3665.55
P131,4,2764.04
P131,5,3066.91
P131,6,3153.54
P131,7,3392.12
P131,8,3932.02
P131,9,3755.27
P131,10,2874.7
P131,11,3757.73
P131,12,3879.81
P132,1,3418.05
P132,2,3411.4
P132,3,2777.81
P132,4,2922.44
P132,5,2950.78
P132,6,3391.36
P132,7,3975.38
P132,8,4019.7
P132,9,3394.03
P132,10,3901.68
P132,11,4065.69
P132,12,2807.35
P133,1,2988.47
P133,2,3042.87
P133,3,3183.31
P133,4,3030.76
P133,5,2365.52
P133,6,3058.31
P133,7,2753.66
P133,8,3478.43
P133,9,3329.12
P133,10,2424.42
P133,11,2527.46
P133,12,3384.87
P134,1,1291.36
P134,2,1312.28
P134,3,1404.45
P134,4,1190.99
P134,5,1445.85
P134,6,1203.4
P134,7,1162.51
P134,8,1548.23
P134,9,1273.47
P134,10,1591.98
P134,11,1506.21
P134,12,1252.15
P135,1,2561.4
P135,2,3585.92
P135,3,2930.61
P135,4,3524.22
P135,5,2841.21
P135,6,3129.64
P135,7,2675.76
P135,8,2934.02
P135,9,2497.35
P135,10,2710.88
P135,11,2568.92
P135,12,3104.87
P136,1,108.96
P136,2,113.25
P136,3,82.81
P136,4,90.35
P136,5,96.17
P136,6,111.99
P136,7,89.15
P136,8,89.84
P136,9,107.76
P136,10,80.55
P136,11,116.39
P136,12,97.49
P137,1,5044.15
P137,2,3665.6
P137,3,3370.42
P137,4,3984.89
P137,5,4820.25
P137,6,3509.2
P137,7,3850.79
P137,8,3383.5
P137,9,4791.04
P137,10,4832.62
P137,11,3889.84
P137,12,4862.92
P138,1,3397.44
P138,2,4528.35
P138,3,4493.17
P138,4,3259.93
P138,5,4515.24
P138,6,4311.19
P138,7,3579.5
P138,8,3563.65
P138,9,3710.35
P138,10,4129.42
P138,11,4539.62
P138,12,4366.23
P139,1,3845.66
P139,2,3640.78
P139,3,3564.22
P139,4,5065.51
P139,5,4356.22
P139,6,3542.72
P139,7,4325.81
P139,8,4337.97
P139,9,3842.81
P139,10,5038.79
P139,11,4791.0
P139,12,4381.94
P140,1,3476.55
P140,2,3712.98
P140,3,4693.2
P140,4,4099.76
P140,5,3273.13
P140,6,3236.45
P140,7,4711.84
P140,8,3272.67
P140,9,3834.86
P140,10,3332.85
P140,11,3848.89
P140,12,4376.68
P141,1,1653.92
P141,2,1498.17
P141,3,1534.26
P141,4,1388.93
P141,5,1335.26
P141,6,1321.4
P141,7,1241.58
P141,8,1574.87
P141,9,1605.15
P141,10,1170.43
P141,11,1672.66
P141,12,1578.46
P142,1,5324.47
P142,2,4295.25
P142,3,5832.84
P142,4,5607.98
P142,5,4304.67
P142,6,4766.6
P142,7,5490.55
P142,8,5755.13
P142,9,5113.71
P142,10,6147.32
P142,11,4405.37
P142,12,6035.16
P143,1,1797.56
P143,2,1885.81
P143,3,1735.02
P143,4,2349.5
P143,5,1858.07
P143,6,2302.21
P143,7,1853.41
P143,8,1989.67
P143,9,1636.23
P143,10,1676.02
P143,11,1982.26
P143,12,2289.63
P144,1,1891.58
P144,2,1949.39
P144,3,2146.35
P144,4,2088.21
P144,5,1999.12
P144,6,2267.97
P144,7,1738.87
P144,8,2130.21
P144,9,1707.46
P144,10,1908.88
P144,11,2047.29
P144,12,2160.16
P145,1,4238.19
P145,2,4248.38
P145,3,4079.71
P145,4,4723.87
P145,5,3894.52
P145,6,4177.75
P145,7,5145.57
P145,8,4621.82
P145,9,5715.61
P145,10,4892.88
P145,11,4444.63
P145,12,5145.72
P146,1,1434.37
P146,2,1779.76
P146,3,1828.29
P146,4,1809.19
P146,5,1896.03
P146,6,1393.49
P146,7,1728.61
P146,8,1540.31
P146,9,1381.89
P146,10,1623.67
P146,11,1528.24
P146,12,1596.25
P147,1,594.42
P147,2,615.27
P147,3,593.97
P147,4,647.38
P147,5,529.68
P147,6,605.58
P147,7,466.13
P147,8,503.44
P147,9,484.64
P147,10,590.24
P147,11,631.87
P147,12,644.98
P148,1,4434.38
P148,2,4273.17
P148,3,3924.74
P148,4,3654.13
P148,5,4197.24
P148,6,3914.99
P148,7,3510.26
P148,8,4636.08
P148,9,3667.92
P148,10,4496.84
P148,11,4304.47
P148,12,4704.92
P149,1,269.5
P149,2,248.62
P149,3,267.44
P149,4,274.61
P149,5,235.74
P149,6,238.48
P149,7,228.84
P149,8,261.0
P149,9,261.47
P149,10,186.11
P149,11,266.1
P149,12,272.47
P150,1,4171.61
P150,2,5406.03
P150,3,6330.24
P150,4,4411.91
P150,5,4792.73
P150,6,4238.59
P150,7,5122.77
P150,8,5472.55
P150,9,5549.92
P150,10,5741.0
P150,11,5066.07
P150,12,5130.44
P151,1,935.17
P151,2,918.34
P151,3,903.04
P151,4,1088.45
P151,5,1216.65
P151,6,1001.55
P151,7,1026.91
P151,8,969.57
P151,9,1229.74
P151,10,897.02
P151,11,846.28
P151,12,1129.84
P152,1,2941.52
P152,2,4013.57
P152,3,3685.17
P152,4,4143.93
P152,5,2929.63
P152,6,2931.72
P152,7,3899.34
P152,8,3977.78
P152,9,4026.15
P152,10,3739.38
P152,11,4079.3
P152,12,3634.99
P153,1,4384.1
P153,2,4327.46
P153,3,5068.25
P153,4,4253.73
P153,5,3956.3
P153,6,4328.67
P153,7,3547.86
P153,8,4465.97
P153,9,4901.44
P153,10,4866.3
P153,11,4037.71
P153,12,5267.49
P154,1,71.04
P154,2,55.4
P154,3,55.53
P154,4,68.36
P154,5,65.06
P154,6,71.16
P154,7,82.15
P154,8,56.74
P154,9,75.48
P154,10,69.6
P154,11,79.2
P154,12,76.06
P155,1,120.56
P155,2,133.77
P155,3,134.13
P155,4,138.95
P155,5,118.66
P155,6,140.09
P155,7,141.93
P155,8,142.21
P155,9,143.06
P155,10,135.01
P155,11,137.25
P155,12,139.11
P156,1,2681.3
P156,2,2327.42
P156,3,1824.04
P156,4,2249.65
P156,5,2683.67
P156,6,2364.8
P156,7,2132.0
P156,8,2152.55
P156,9,2752.52
P156,10,2096.58
P156,11,1974.53
P156,12,2481.07
P157,1,2846.57
P157,2,2510.5
P157,3,3061.09
P157,4,2460.56
P157,5,2882.82
P157,6,2824.26
P157,7,2818.21
P157,8,2913.76
P157,9,2496.4
P157,10,3006.55
P157,11,2193.65
P157,12,2717.35
P158,1,2933.95
P158,2,2861.24
P158,3,3890.16
P158,4,3116.23
P158,5,3645.68
P158,6,3149.95
P158,7,3123.37
P158,8,3828.54
P158,9,3628.25
P158,10,4074.09
P158,11,3824.96
P158,12,3708.79
P159,1,3635.03
P159,2,3322.21
P159,3,4299.31
P159,4,3420.06
P159,5,3330.92
P159,6,3888.7
P159,7,3093.19
P159,8,4623.67
P159,9,4596.75
P159,10,3998.39
P159,11,4362.39
P159,12,4387.97
P160,1,1677.71
P160,2,1461.89
P160,3,1442.98
P160,4,1619.22
P160,5,1660.71
P160,6,1305.87
P160,7,1566.56
P160,8,1734.28
P160,9,1234.13
P160,10,1367.55
P160,11,1720.11
P160,12,1232.99
P161,1,2702.58
P161,2,2716.62
P161,3,2716.66
P161,4,3258.79
P161,5,3229.16
P161,6,2438.0
P161,7,2954.7
P161,8,2617.65
P161,9,2471.26
P161,10,2778.88
P161,11,2668.95
P161,12,2501.32
P162,1,2762.32
P162,2,2335.25
P162,3,2267.06
P162,4,2487.7
P162,5,2925.38
P162,6,2042.54
P162,7,2488.77
P162,8,2306.28
P162,9,2810.59
P162,10,2570.21
P162,11,2612.97
P162,12,2222.74
P163,1,2101.17
P163,2,2618.85
P163,3,2086.59
P163,4,2406.58
P163,5,2286.82
P163,6,2495.24
P163,7,2073.4
P163,8,2491.93
P163,9,2587.89
P163,10,2344.08
P163,11,2497.61
P163,12,2804.62
P164,1,497.03
P164,2,428.71
P164,3,428.24
P164,4,441.66
P164,5,519.15
P164,6,544.88
P164,7,581.04
P164,8,505.66
P164,9,590.02
P164,10,483.18
P164,11,434.01
P164,12,566.13
P165,1,303.75
P165,2,387.62
P165,3,434.43
P165,4,328.72
P165,5,388.44
P165,6,313.89
P165,7,444.39
P165,8,308.36
P165,9,389.27
P165,10,353.56
P165,11,414.12
P165,12,396.02
P166,1,369.08
P166,2,284.29
P166,3,274.16
P166,4,284.22
P166,5,299.35
P166,6,349.51
P166,7,269.34
P166,8,321.13
P166,9,395.41
P166,10,364.44
P166,11,353.86
P166,12,350.48
P167,1,3949.63
P167,2,3187.96
P167,3,3965.4
P167,4,3217.59
P167,5,2898.38
P167,6,3382.92
P167,7,4285.09
P167,8,3189.3
P167,9,4013.03
P167,10,3070.01
P167,11,2908.8
P167,12,4260.53
P168,1,2719.16
P168,2,2968.97
P168,3,3298.0
P168,4,2599.13
P168,5,3161.56
P168,6,3019.22
P168,7,3256.99
P168,8,2596.29
P168,9,3032.66
P168,10,2795.06
P168,11,2503.39
P168,12,2549.66
P169,1,5473.68
P169,2,5577.63
P169,3,3990.88
P169,4,4992.83
P169,5,5317.44
P169,6,3953.44
P169,7,4030.78
P169,8,4768.53
P169,9,4268.79
P169,10,4641.64
P169,11,4770.3
P169,12,3959.37
P170,1,2088.64
P170,2,2139.62
P170,3,1904.05
P170,4,1844.34
P170,5,2104.86
P170,6,2172.83
P170,7,1575.82
P170,8,1701.11
P170,9,1828.67
P170,10,2073.88
P170,11,2146.73
P170,12,1616.93
P171,1,3473.6
P171,2,4127.43
P171,3,3184.35
P171,4,3140.49
P171,5,2785.66
P171,6,4135.18
P171,7,3633.76
P171,8,3230.08
P171,9,3929.32
P171,10,3193.84
P171,11,3911.89
P171,12,3796.22
P172,1,813.0
P172,2,780.59
P172,3,911.69
P172,4,1065.81
P172,5,951.34
P172,6,816.32
P172,7,850.36
P172,8,744.64
P172,9,961.83
P172,10,886.33
P172,11,1035.1
P172,12,868.23
P173,1,767.02
P173,2,710.28
P173,3,706.46
P173,4,1064.82
P173,5,785.12
P173,6,840.58
P173,7,989.67
P173,8,934.55
P173,9,881.51
P173,10,1053.22
P173,11,996.69
P173,12,1053.82
P174,1,2619.35
P174,2,3063.21
P174,3,3061.06
P174,4,3588.0
P174,5,3154.25
P174,6,2887.78
P174,7,3495.66
P174,8,3315.94
P174,9,3889.18
P174,10,3793.09
P174,11,3334.42
P174,12,3615.55
P175,1,1386.5
P175,2,1281.33
P175,3,1714.83
P175,4,1553.72
P175,5,1246.72
P175,6,1827.04
P175,7,1638.32
P175,8,1392.84
P175,9,1658.2
P175,10,1243.65
P175,11,1647.66
P175,12,1825.39
P176,1,6002.79
P176,2,4400.1
P176,3,5538.64
P176,4,6035.16
P176,5,4326.25
P176,6,5995.55
P176,7,4437.51
P176,8,5502.64
P176,9,5548.39
P176,10,4324.37
P176,11,4633.48
P176,12,4931.89
P177,1,1818.09
P177,2,1752.72
P177,3,1528.58
P177,4,1340.95
P177,5,1716.8
P177,6,1624.58
P177,7,1474.92
P177,8,1904.03
P177,9,1402.62
P177,10,1290.76
P177,11,1376.08
P177,12,1302.53
P178,1,3438.66
P178,2,4207.64
P178,3,3270.38
P178,4,3591.35
P178,5,3265.54
P178,6,3390.57
P178,7,3928.51
P178,8,3215.24
P178,9,4260.91
P178,10,4008.34
P178,11,3601.22
P178,12,3254.01
P179,1,323.17
P179,2,229.91
P179,3,221.33
P179,4,328.6
P179,5,302.99
P179,6,289.8
P179,7,253.61
P179,8,301.44
P179,9,312.97
P179,10,276.05
P179,11,235.3
P179,12,237.19
P180,1,1994.29
P180,2,2160.0
P180,3,1965.02
P180,4,1905.28
P180,5,2382.76
P180,6,2294.67
P180,7,2406.33
P180,8,2309.24
P180,9,1825.38
P180,10,2507.24
P180,11,2022.22
P180,12,2130.79
P181,1,4422.09
P181,2,3760.91
P181,3,5197.29
P181,4,5179.55
P181,5,4532.72
P181,6,4973.4
P181,7,5197.61
P181,8,4331.41
P181,9,4253.1
P181,10,4546.36
P181,11,3790.2
P181,12,3509.98
P182,1,1129.86
P182,2,1150.49
P182,3,1542.56
P182,4,1580.78
P182,5,1347.1
P182,6,1156.44
P182,7,1587.1
P182,8,1096.75
P182,9,1271.84
P182,10,1184.57
P182,11,1208.16
P182,12,1414.44
P183,1,2124.27
P183,2,1790.28
P183,3,1523.71
P183,4,1483.98
P183,5,1854.65
P183,6,1564.7
P183,7,1466.1
P183,8,1837.48
P183,9,1498.05
P183,10,1623.75
P183,11,1783.91
P183,12,1887.06
P184,1,1856.92
P184,2,2120.83
P184,3,2242.56
P184,4,1704.85
P184,5,1608.36
P184,6,1703.02
P184,7,1710.53
P184,8,1851.71
P184,9,1680.63
P184,10,2236.92
P184,11,1578.91
P184,12,1990.5
P185,1,2651.23
P185,2,3171.76
P185,3,2872.01
P185,4,3408.56
P185,5,2820.03
P185,6,3086.65
P185,7,3201.6
P185,8,2841.98
P185,9,3066.33
P185,10,2945.04
P185,11,3035.36
P185,12,2620.88
P186,1,4215.01
P186,2,3720.95
P186,3,3430.25
P186,4,4038.13
P186,5,3956.99
P186,6,4543.76
P186,7,3616.76
P186,8,3745.92
P186,9,3508.59
P186,10,4602.46
P186,11,4873.78
P186,12,4792.86
P187,1,1792.78
P187,2,1774.34
P187,3,1539.58
P187,4,1671.84
P187,5,1751.83
P187,6,1999.22
P187,7,1529.95
P187,8,1716.74
P187,9,1708.95
P187,10,1383.2
P187,11,1683.76
P187,12,2006.77
P188,1,315.43
P188,2,342.95
P188,3,311.67
P188,4,415.76
P188,5,418.53
P188,6,413.73
P188,7,411.44
P188,8,340.52
P188,9,285.37
P188,10,425.18
P188,11,387.12
P188,12,353.28
P189,1,447.69
P189,2,441.62
P189,3,521.96
P189,4,500.09
P189,5,384.3
P189,6,461.14
P189,7,381.42
P189,8,511.01
P189,9,499.42
P189,10,443.99
P189,11,407.51
P189,12,434.67
P190,1,4356.79
P190,2,5912.59
P190,3,3899.95
P190,4,5237.12
P190,5,4198.61
P190,6,4807.67
P190,7,5035.13
P190,8,5062.32
P190,9,5866.46
P190,10,4816.84
P190,11,4151.15
P190,12,5306.94
P191,1,2127.84
P191,2,2832.32
P191,3,2581.21
P191,4,2660.31
P191,5,1939.48
P191,6,2581.72
P191,7,2332.98
P191,8,2646.81
P191,9,2482.82
P191,10,2242.39
P191,11,2710.57
P191,12,2654.31
P192,1,3999.04
P192,2,3939.46
P192,3,3350.99
P192,4,4114.41
P192,5,4011.76
P192,6,3556.51
P192,7,4510.22
P192,8,3842.74
P192,9,4474.67
P192,10,3601.74
P192,11,3102.26
P192,12,3632.06
P193,1,2196.59
P193,2,1800.54
P193,3,2104.29
P193,4,2367.17
P193,5,2420.07
P193,6,2285.61
P193,7,2484.17
P193,8,1891.54
P193,9,2074.9
P193,10,2265.9
P193,11,2367.97
P193,12,2450.4
P194,1,1999.06
P194,2,2089.02
P194,3,1961.65
P194,4,1999.74
P194,5,2005.58
P194,6,1672.23
P194,7,2109.31
P194,8,1810.82
P194,9,1749.78
P194,10,1470.89
P194,11,1711.85
P194,12,1772.1
P195,1,487.73
P195,2,554.68
P195,3,481.35
P195,4,493.95
P195,5,553.83
P195,6,568.94
P195,7,477.64
P195,8,460.53
P195,9,522.8
P195,10,526.86
P195,11,584.99
P195,12,565.61
P196,1,2800.02
P196,2,3737.69
P196,3,2663.82
P196,4,3072.75
P196,5,2787.16
P196,6,3837.82
P196,7,2649.85
P196,8,2768.23
P196,9,2697.14
P196,10,2745.57
P196,11,2749.0
P196,12,2821.46
P197,1,4511.65
P197,2,3035.69
P197,3,3661.14
P197,4,4083.35
P197,5,4479.28
P197,6,3752.25
P197,7,3666.85
P197,8,4171.18
P197,9,3033.77
P197,10,3299.9
P197,11,3034.65
P197,12,4273.26
P198,1,2256.62
P198,2,1995.38
P198,3,1843.16
P198,4,2044.33
P198,5,2108.17
P198,6,2216.75
P198,7,1967.65
P198,8,2116.54
P198,9,2004.12
P198,10,2019.28
P198,11,1944.34
P198,12,2034.84
P199,1,1469.19
P199,2,1157.24
P199,3,1411.72
P199,4,1115.22
P199,5,1191.72
P199,6,1147.57
P199,7,1441.37
P199,8,1073.87
P199,9,1145.59
P199,10,1499.73
P199,11,1321.78
P199,12,1080.44
P200,1,1873.04
P200,2,1600.27
P200,3,1594.92
P200,4,2006.55
P200,5,2158.45
P200,6,2073.26
P200,7,1584.03
P200,8,1549.77
P200,9,2227.26
P200,10,1903.33
P200,11,1800.08
P200,12,1745.06
