review_id,product_id,seller_id,rating,sentiment,text
R0000,P001,S003,3.1247404799539127,Negatif,Örnek yorum 1
R0001,P001,S003,3.221182997805427,Nötr,Örnek yorum 2
R0002,P001,S003,2.864299414130769,Pozitif,Örnek yorum 3
R0003,P001,S003,3.469588603408625,Negatif,Örnek yorum 4
R0004,P001,S003,3.252391165111486,Negatif,Örnek yorum 5
R0005,P001,S003,2.7340029443354243,Nötr,Örnek yorum 6
R0006,P001,S003,3.4655966371940363,Pozitif,Örnek yorum 7
R0007,P001,S003,3.4039743381374583,Nötr,Örnek yorum 8
R0010,P002,S007,4.947130170244123,Pozitif,Örnek yorum 1
R0011,P002,S007,4.461679978440989,Nötr,Örnek yorum 2
R0012,P002,S007,4.3818724341907105,Pozitif,Örnek yorum 3
R0020,P003,S007,3.6620581732458715,Pozitif,Örnek yorum 1
R0021,P003,S007,4.10466344757675,Pozitif,Örnek yorum 2
R0022,P003,S007,3.5521798032610046,Nötr,Örnek yorum 3
R0023,P003,S007,3.8712121066044327,Pozitif,Örnek yorum 4
R0024,P003,S007,4.211400977119001,Nötr,Örnek yorum 5
R0025,P003,S007,3.6246777719636487,Pozitif,Örnek yorum 6
R0030,P004,S012,2.972791299591357,Nötr,Örnek yorum 1
R0031,P004,S012,2.8473486559916044,Nötr,Örnek yorum 2
R0040,P005,S002,3.810504953727409,Pozitif,Örnek yorum 1
R0041,P005,S002,3.7846297737180072,Nötr,Örnek yorum 2
R0042,P005,S002,3.314896905819005,Nötr,Örnek yorum 3
R0043,P005,S002,3.2739614876790197,Pozitif,Örnek yorum 4
R0044,P005,S002,2.9816054372110417,Pozitif,Örnek yorum 5
R0050,P006,S011,4.430825904749953,Pozitif,Örnek yorum 1
R0051,P006,S011,4.149960684294181,Nötr,Örnek yorum 2
R0052,P006,S011,3.6375995877258718,Nötr,Örnek yorum 3
R0060,P007,S003,4.072454933047831,Nötr,Örnek yorum 1
R0061,P007,S003,4.3588411547656065,Nötr,Örnek yorum 2
R0062,P007,S003,4.215348257163548,Pozitif,Örnek yorum 3
R0063,P007,S003,3.61900388491097,Nötr,Örnek yorum 4
R0070,P008,S001,3.5488042454438355,Nötr,Örnek yorum 1
R0071,P008,S001,3.527771505886724,Negatif,Örnek yorum 2
R0072,P008,S001,3.2881015780392304,Pozitif,Örnek yorum 3
R0080,P009,S004,3.8384395034598224,Pozitif,Örnek yorum 1
R0081,P009,S004,4.222810568340969,Negatif,Örnek yorum 2
R0082,P009,S004,4.436687720605335,Pozitif,Örnek yorum 3
R0083,P009,S004,4.136053784314061,Pozitif,Örnek yorum 4
R0090,P010,S004,3.741938134420993,Pozitif,Örnek yorum 1
R0091,P010,S004,3.9292388931033337,Pozitif,Örnek yorum 2
R0092,P010,S004,3.7405642388065434,Negatif,Örnek yorum 3
R0093,P010,S004,4.164371301742009,Pozitif,Örnek yorum 4
R0094,P010,S004,4.474654490952222,Pozitif,Örnek yorum 5
R0095,P010,S004,4.02605944532217,Pozitif,Örnek yorum 6
R0096,P010,S004,4.4883314855964676,Pozitif,Örnek yorum 7
R0100,P011,S004,3.073331438527518,Pozitif,Örnek yorum 1
R0101,P011,S004,2.5868813215273576,Pozitif,Örnek yorum 2
R0102,P011,S004,2.9473165915626454,Pozitif,Örnek yorum 3
R0103,P011,S004,2.267559557741899,Pozitif,Örnek yorum 4
R0104,P011,S004,2.8571044000108317,Pozitif,Örnek yorum 5
R0105,P011,S004,2.7819033215581404,Pozitif,Örnek yorum 6
R0110,P012,S003,2.2443356882952084,Pozitif,Örnek yorum 1
R0111,P012,S003,3.0135088655560884,Pozitif,Örnek yorum 2
R0112,P012,S003,2.9791425934782816,Pozitif,Örnek yorum 3
R0113,P012,S003,2.8953892519960642,Pozitif,Örnek yorum 4
R0114,P012,S003,3.0114976818476067,Negatif,Örnek yorum 5
R0115,P012,S003,2.976190399703422,Pozitif,Örnek yorum 6
R0116,P012,S003,2.4934425711750317,Pozitif,Örnek yorum 7
R0117,P012,S003,2.3994698337151883,Pozitif,Örnek yorum 8
R0120,P013,S009,2.310075882936892,Pozitif,Örnek yorum 1
R0121,P013,S009,2.815406080655982,Pozitif,Örnek yorum 2
R0130,P014,S011,3.853290918818865,Pozitif,Örnek yorum 1
R0131,P014,S011,3.4569741760353634,Pozitif,Örnek yorum 2
R0132,P014,S011,3.9657982770780578,Nötr,Örnek yorum 3
R0133,P014,S011,3.2244750082443834,Pozitif,Örnek yorum 4
R0134,P014,S011,3.9894865170122813,Pozitif,Örnek yorum 5
R0140,P015,S009,5.15647871782366,Pozitif,Örnek yorum 1
R0141,P015,S009,4.386817217589939,Pozitif,Örnek yorum 2
R0142,P015,S009,4.567346926959682,Negatif,Örnek yorum 3
R0143,P015,S009,4.466720695802183,Nötr,Örnek yorum 4
R0144,P015,S009,4.624499661318414,Pozitif,Örnek yorum 5
R0145,P015,S009,5.195098164844076,Pozitif,Örnek yorum 6
R0146,P015,S009,4.493766419002499,Pozitif,Örnek yorum 7
R0150,P016,S003,4.560919221458137,Pozitif,Örnek yorum 1
R0151,P016,S003,4.5026216277306,Pozitif,Örnek yorum 2
R0160,P017,S010,3.3439083811010937,Pozitif,Örnek yorum 1
R0161,P017,S010,3.6268143957111025,Pozitif,Örnek yorum 2
R0162,P017,S010,3.514851482198764,Nötr,Örnek yorum 3
R0163,P017,S010,3.53946931049248,Pozitif,Örnek yorum 4
R0164,P017,S010,2.95735806431652,Nötr,Örnek yorum 5
R0170,P018,S004,3.5633111306509826,Negatif,Örnek yorum 1
R0171,P018,S004,3.87941060781469,Nötr,Örnek yorum 2
R0172,P018,S004,3.34277946836255,Nötr,Örnek yorum 3
R0173,P018,S004,3.9813119697434667,Negatif,Örnek yorum 4
R0174,P018,S004,3.267233363062109,Pozitif,Örnek yorum 5
R0175,P018,S004,3.5663284731071485,Nötr,Örnek yorum 6
R0176,P018,S004,3.76724464172412,Pozitif,Örnek yorum 7
R0180,P019,S003,3.7499225687147937,Pozitif,Örnek yorum 1
R0181,P019,S003,3.743939289175603,Pozitif,Örnek yorum 2
R0182,P019,S003,3.4376951078285267,Pozitif,Örnek yorum 3
R0183,P019,S003,3.6143854413148815,Pozitif,Örnek yorum 4
R0184,P019,S003,4.260520052264993,Pozitif,Örnek yorum 5
R0185,P019,S003,3.4860480494725996,Pozitif,Örnek yorum 6
R0190,P020,S009,3.361672710759647,Pozitif,Örnek yorum 1
R0191,P020,S009,3.060289771139903,Pozitif,Örnek yorum 2
R0192,P020,S009,3.796365112154761,Pozitif,Örnek yorum 3
R0193,P020,S009,3.7164789095418813,Pozitif,Örnek yorum 4
R0194,P020,S009,2.922637421903971,Pozitif,Örnek yorum 5
R0195,P020,S009,3.252042685245397,Nötr,Örnek yorum 6
R0200,P021,S008,2.687790741104731,Pozitif,Örnek yorum 1
R0201,P021,S008,3.4455212189746995,Negatif,Örnek yorum 2
R0202,P021,S008,2.9474252947385646,Pozitif,Örnek yorum 3
R0203,P021,S008,3.1421713612255626,Pozitif,Örnek yorum 4
R0204,P021,S008,3.4513620507531257,Nötr,Örnek yorum 5
R0205,P021,S008,3.5273244567231776,Negatif,Örnek yorum 6
R0206,P021,S008,3.3936963838450027,Negatif,Örnek yorum 7
R0210,P022,S010,3.0851325467301933,Pozitif,Örnek yorum 1
R0211,P022,S010,2.3367361842868704,Nötr,Örnek yorum 2
R0212,P022,S010,2.460896524444382,Pozitif,Örnek yorum 3
R0213,P022,S010,2.5674058392916748,Negatif,Örnek yorum 4
R0214,P022,S010,2.2297712297137706,Nötr,Örnek yorum 5
R0215,P022,S010,2.165748105267366,Nötr,Örnek yorum 6
R0220,P023,S006,3.91886965989072,Nötr,Örnek yorum 1
R0221,P023,S006,3.969164550374698,Pozitif,Örnek yorum 2
R0222,P023,S006,3.273750712911239,Nötr,Örnek yorum 3
R0223,P023,S006,3.8423385893863813,Nötr,Örnek yorum 4
R0224,P023,S006,3.880108990649581,Pozitif,Örnek yorum 5
R0230,P024,S004,3.0290537281353993,Pozitif,Örnek yorum 1
R0231,P024,S004,2.787785990401828,Negatif,Örnek yorum 2
R0232,P024,S004,2.3290329577968887,Nötr,Örnek yorum 3
R0233,P024,S004,3.0682116274193887,Pozitif,Örnek yorum 4
R0240,P025,S007,3.7530154668102003,Pozitif,Örnek yorum 1
R0241,P025,S007,3.922660751154555,Pozitif,Örnek yorum 2
R0242,P025,S007,3.9460230823418727,Negatif,Örnek yorum 3
R0243,P025,S007,4.494925916821124,Nötr,Örnek yorum 4
R0244,P025,S007,3.850605308981999,Nötr,Örnek yorum 5
R0245,P025,S007,4.150841415483139,Negatif,Örnek yorum 6
R0246,P025,S007,3.902824606108876,Pozitif,Örnek yorum 7
R0247,P025,S007,4.102573144741262,Pozitif,Örnek yorum 8
R0250,P026,S007,3.0806465011402535,Negatif,Örnek yorum 1
R0251,P026,S007,3.124479187433666,Pozitif,Örnek yorum 2
R0252,P026,S007,2.8376195866058023,Nötr,Örnek yorum 3
R0260,P027,S003,3.0637811916200333,Pozitif,Örnek yorum 1
R0261,P027,S003,3.148546853970392,Pozitif,Örnek yorum 2
R0262,P027,S003,2.4646559078330545,Nötr,Örnek yorum 3
R0263,P027,S003,2.772137202446064,Pozitif,Örnek yorum 4
R0264,P027,S003,2.230285898581431,Negatif,Örnek yorum 5
R0265,P027,S003,2.745577483547268,Nötr,Örnek yorum 6
R0270,P028,S011,4.7829448181754195,Nötr,Örnek yorum 1
R0271,P028,S011,4.9849908411956765,Nötr,Örnek yorum 2
R0272,P028,S011,4.372973025505345,Pozitif,Örnek yorum 3
R0273,P028,S011,4.739605499920411,Pozitif,Örnek yorum 4
R0274,P028,S011,4.5040230135633985,Pozitif,Örnek yorum 5
R0275,P028,S011,4.612582499246933,Negatif,Örnek yorum 6
R0276,P028,S011,5.034199754804547,Negatif,Örnek yorum 7
R0280,P029,S008,2.798716607174025,Pozitif,Örnek yorum 1
R0281,P029,S008,2.914980134082222,Nötr,Örnek yorum 2
R0282,P029,S008,2.641737860936467,Pozitif,Örnek yorum 3
R0283,P029,S008,2.849596011995665,Pozitif,Örnek yorum 4
R0284,P029,S008,2.45060529180029,Pozitif,Örnek yorum 5
R0285,P029,S008,3.2641638503624306,Nötr,Örnek yorum 6
R0286,P029,S008,3.362685852239337,Pozitif,Örnek yorum 7
R0287,P029,S008,3.2134778464394493,Nötr,Örnek yorum 8
R0290,P030,S008,4.68983410122336,Negatif,Örnek yorum 1
R0291,P030,S008,5.495969411095417,Pozitif,Örnek yorum 2
R0292,P030,S008,5.3790756636004184,Pozitif,Örnek yorum 3
R0293,P030,S008,4.590049095043784,Pozitif,Örnek yorum 4
R0294,P030,S008,4.957230642189731,Pozitif,Örnek yorum 5
R0295,P030,S008,5.083344111985676,Pozitif,Örnek yorum 6
R0300,P031,S003,3.894894203525176,Pozitif,Örnek yorum 1
R0301,P031,S003,4.054260036889617,Nötr,Örnek yorum 2
R0310,P032,S001,4.108177405947241,Pozitif,Örnek yorum 1
R0311,P032,S001,4.233934943992314,Pozitif,Örnek yorum 2
R0312,P032,S001,4.465777639775401,Pozitif,Örnek yorum 3
R0313,P032,S001,4.145242394511264,Pozitif,Örnek yorum 4
R0314,P032,S001,4.661816865165943,Pozitif,Örnek yorum 5
R0320,P033,S003,2.6735317497428417,Negatif,Örnek yorum 1
R0321,P033,S003,3.3644041147072397,Pozitif,Örnek yorum 2
R0322,P033,S003,3.589090700620723,Pozitif,Örnek yorum 3
R0323,P033,S003,2.7188110197235895,Negatif,Örnek yorum 4
R0330,P034,S010,4.3948972283809455,Pozitif,Örnek yorum 1
R0331,P034,S010,4.538948566955375,Pozitif,Örnek yorum 2
R0340,P035,S005,3.30246295116188,Pozitif,Örnek yorum 1
R0341,P035,S005,2.7402549061574293,Pozitif,Örnek yorum 2
R0342,P035,S005,3.413591846324807,Pozitif,Örnek yorum 3
R0343,P035,S005,3.2193327103330835,Nötr,Örnek yorum 4
R0344,P035,S005,3.5931316920780074,Pozitif,Örnek yorum 5
R0345,P035,S005,3.63136873552999,Pozitif,Örnek yorum 6
R0346,P035,S005,3.0929545878664833,Pozitif,Örnek yorum 7
R0347,P035,S005,3.5426019273641285,Negatif,Örnek yorum 8
R0350,P036,S008,4.428289385957376,Pozitif,Örnek yorum 1
R0351,P036,S008,4.308739806435438,Pozitif,Örnek yorum 2
R0352,P036,S008,4.415748833243824,Pozitif,Örnek yorum 3
R0353,P036,S008,4.273806392473016,Pozitif,Örnek yorum 4
R0354,P036,S008,4.183702141848786,Nötr,Örnek yorum 5
R0355,P036,S008,4.325324212551855,Nötr,Örnek yorum 6
R0360,P037,S009,3.496909615953194,Negatif,Örnek yorum 1
R0361,P037,S009,3.5555909721769687,Pozitif,Örnek yorum 2
R0362,P037,S009,3.478474332225579,Nötr,Örnek yorum 3
R0363,P037,S009,2.9513551651203875,Pozitif,Örnek yorum 4
R0364,P037,S009,3.424232332624683,Pozitif,Örnek yorum 5
R0365,P037,S009,3.674606129833811,Negatif,Örnek yorum 6
R0366,P037,S009,3.721661291127852,Pozitif,Örnek yorum 7
R0370,P038,S006,4.748205170784301,Pozitif,Örnek yorum 1
R0371,P038,S006,3.8189373675066123,Pozitif,Örnek yorum 2
R0372,P038,S006,3.9514312581193454,Pozitif,Örnek yorum 3
R0380,P039,S011,2.8018195046109877,Pozitif,Örnek yorum 1
R0381,P039,S011,2.7716054638685113,Negatif,Örnek yorum 2
R0382,P039,S011,3.027402098940918,Nötr,Örnek yorum 3
R0383,P039,S011,2.8186832115601126,Negatif,Örnek yorum 4
R0384,P039,S011,3.298122868405482,Negatif,Örnek yorum 5
R0385,P039,S011,2.6768247761856956,Pozitif,Örnek yorum 6
R0386,P039,S011,2.7596635320195864,Nötr,Örnek yorum 7
R0390,P040,S002,3.854286988644813,Pozitif,Örnek yorum 1
R0391,P040,S002,4.220924561327292,Nötr,Örnek yorum 2
R0392,P040,S002,4.193313310029821,Negatif,Örnek yorum 3
R0393,P040,S002,3.6922641691367133,Negatif,Örnek yorum 4
R0394,P040,S002,4.058086650807404,Pozitif,Örnek yorum 5
R0395,P040,S002,4.472910627590569,Pozitif,Örnek yorum 6
R0400,P041,S011,3.304900936836584,Nötr,Örnek yorum 1
R0401,P041,S011,3.089003079511529,Negatif,Örnek yorum 2
R0402,P041,S011,3.1604875902362197,Pozitif,Örnek yorum 3
R0403,P041,S011,3.3216643785942908,Nötr,Örnek yorum 4
R0410,P042,S005,4.276622245782545,Pozitif,Örnek yorum 1
R0411,P042,S005,4.580160537321362,Pozitif,Örnek yorum 2
R0412,P042,S005,4.554608863391461,Nötr,Örnek yorum 3
R0413,P042,S005,3.890452651992935,Nötr,Örnek yorum 4
R0420,P043,S009,2.2790294360098504,Nötr,Örnek yorum 1
R0421,P043,S009,2.855972050550908,Nötr,Örnek yorum 2
R0422,P043,S009,2.4139868080770075,Negatif,Örnek yorum 3
R0423,P043,S009,2.471132721997976,Nötr,Örnek yorum 4
R0430,P044,S009,2.537272954800923,Negatif,Örnek yorum 1
R0431,P044,S009,2.986830498570815,Negatif,Örnek yorum 2
R0432,P044,S009,3.069833964893104,Pozitif,Örnek yorum 3
R0433,P044,S009,3.0379445734086374,Pozitif,Örnek yorum 4
R0434,P044,S009,2.8133013660482584,Pozitif,Örnek yorum 5
R0435,P044,S009,2.500544904777348,Negatif,Örnek yorum 6
R0440,P045,S006,3.464518767225389,Pozitif,Örnek yorum 1
R0441,P045,S006,2.6579410762109417,Nötr,Örnek yorum 2
R0442,P045,S006,3.380647457230088,Negatif,Örnek yorum 3
R0443,P045,S006,3.1505386918742655,Pozitif,Örnek yorum 4
R0444,P045,S006,2.7872450375643947,Nötr,Örnek yorum 5
R0445,P045,S006,2.5591625862414906,Pozitif,Örnek yorum 6
R0446,P045,S006,3.1522987304190795,Nötr,Örnek yorum 7
R0447,P045,S006,3.2386865222686354,Pozitif,Örnek yorum 8
R0450,P046,S006,4.813229725669853,Nötr,Örnek yorum 1
R0451,P046,S006,4.7822449731648335,Pozitif,Örnek yorum 2
R0452,P046,S006,4.819634811850935,Pozitif,Örnek yorum 3
R0453,P046,S006,4.2969945742783,Nötr,Örnek yorum 4
R0454,P046,S006,4.836608744777763,Pozitif,Örnek yorum 5
R0455,P046,S006,4.8260396978964435,Nötr,Örnek yorum 6
R0456,P046,S006,3.9092671684801,Nötr,Örnek yorum 7
R0457,P046,S006,4.007300690773539,Negatif,Örnek yorum 8
R0460,P047,S003,5.289099470088723,Pozitif,Örnek yorum 1
R0461,P047,S003,4.793912420341819,Pozitif,Örnek yorum 2
R0462,P047,S003,5.151059738577996,Nötr,Örnek yorum 3
R0463,P047,S003,4.49281139827381,Pozitif,Örnek yorum 4
R0470,P048,S005,4.931119233808774,Pozitif,Örnek yorum 1
R0471,P048,S005,4.918598173455887,Negatif,Örnek yorum 2
R0480,P049,S008,4.490767664425256,Negatif,Örnek yorum 1
R0481,P049,S008,4.457282750257561,Negatif,Örnek yorum 2
R0490,P050,S002,3.9387257940846885,Negatif,Örnek yorum 1
R0491,P050,S002,3.727703250313406,Pozitif,Örnek yorum 2
R0492,P050,S002,3.700833246627866,Pozitif,Örnek yorum 3
R0500,P051,S001,4.540611875634299,Pozitif,Örnek yorum 1
R0501,P051,S001,4.648047083667145,Pozitif,Örnek yorum 2
R0510,P052,S010,3.5467355218064536,Pozitif,Örnek yorum 1
R0511,P052,S010,3.429625303312733,Pozitif,Örnek yorum 2
R0512,P052,S010,3.672877347554533,Negatif,Örnek yorum 3
R0513,P052,S010,3.459552090561156,Pozitif,Örnek yorum 4
R0520,P053,S010,2.1182248478039725,Pozitif,Örnek yorum 1
R0521,P053,S010,2.405416612968397,Pozitif,Örnek yorum 2
R0522,P053,S010,2.895118369816254,Pozitif,Örnek yorum 3
R0530,P054,S006,4.290290377418814,Nötr,Örnek yorum 1
R0531,P054,S006,4.5406356237459,Negatif,Örnek yorum 2
R0532,P054,S006,3.8208492399687213,Pozitif,Örnek yorum 3
R0533,P054,S006,4.078181899735224,Nötr,Örnek yorum 4
R0534,P054,S006,4.588837961895308,Pozitif,Örnek yorum 5
R0535,P054,S006,4.301940726855654,Pozitif,Örnek yorum 6
R0536,P054,S006,4.3573505233043255,Nötr,Örnek yorum 7
R0540,P055,S012,3.218411622657326,Negatif,Örnek yorum 1
R0541,P055,S012,3.7547395497248655,Pozitif,Örnek yorum 2
R0542,P055,S012,3.0818703064732746,Nötr,Örnek yorum 3
R0543,P055,S012,3.7037661251558727,Pozitif,Örnek yorum 4
R0544,P055,S012,3.564168722273475,Pozitif,Örnek yorum 5
R0545,P055,S012,3.5476492487109317,Pozitif,Örnek yorum 6
R0546,P055,S012,3.5727016742278646,Pozitif,Örnek yorum 7
R0547,P055,S012,3.3281176377422064,Pozitif,Örnek yorum 8
R0550,P056,S009,3.5802952379390707,Pozitif,Örnek yorum 1
R0551,P056,S009,3.3888279668311894,Negatif,Örnek yorum 2
R0552,P056,S009,3.3454826921872205,Nötr,Örnek yorum 3
R0553,P056,S009,3.031944339821099,Pozitif,Örnek yorum 4
R0554,P056,S009,3.463911185098713,Pozitif,Örnek yorum 5
R0555,P056,S009,3.5727677122273693,Negatif,Örnek yorum 6
R0560,P057,S007,2.8959487099532577,Negatif,Örnek yorum 1
R0561,P057,S007,3.2458044828318156,Nötr,Örnek yorum 2
R0562,P057,S007,2.5452898027278286,Negatif,Örnek yorum 3
R0563,P057,S007,2.5637599121120833,Pozitif,Örnek yorum 4
R0570,P058,S008,3.269019146160314,Nötr,Örnek yorum 1
R0571,P058,S008,3.2317348710230793,Nötr,Örnek yorum 2
R0580,P059,S005,2.335428866489438,Pozitif,Örnek yorum 1
R0581,P059,S005,2.929289499267048,Negatif,Örnek yorum 2
R0582,P059,S005,2.574460920638268,Nötr,Örnek yorum 3
R0583,P059,S005,2.648537132662686,Nötr,Örnek yorum 4
R0584,P059,S005,2.577496349630099,Nötr,Örnek yorum 5
R0590,P060,S004,3.2617925381254684,Negatif,Örnek yorum 1
R0591,P060,S004,3.2535340984187022,Pozitif,Örnek yorum 2
R0600,P061,S008,4.792846776077587,Pozitif,Örnek yorum 1
R0601,P061,S008,3.9273470873226084,Pozitif,Örnek yorum 2
R0602,P061,S008,4.634821611668715,Nötr,Örnek yorum 3
R0603,P061,S008,4.778490682679139,Nötr,Örnek yorum 4
R0610,P062,S004,4.444445339025021,Negatif,Örnek yorum 1
R0611,P062,S004,4.723360437375785,Pozitif,Örnek yorum 2
R0612,P062,S004,4.246159734987627,Pozitif,Örnek yorum 3
R0613,P062,S004,4.837410361135067,Pozitif,Örnek yorum 4
R0614,P062,S004,4.012844638766477,Negatif,Örnek yorum 5
R0620,P063,S004,2.7149232072089124,Negatif,Örnek yorum 1
R0621,P063,S004,2.9890413419577913,Nötr,Örnek yorum 2
R0622,P063,S004,2.1672909028894956,Pozitif,Örnek yorum 3
R0623,P063,S004,2.5464410662486023,Negatif,Örnek yorum 4
R0624,P063,S004,2.972212417786392,Negatif,Örnek yorum 5
R0625,P063,S004,2.144236730055998,Pozitif,Örnek yorum 6
R0626,P063,S004,2.6397598089074283,Pozitif,Örnek yorum 7
R0627,P063,S004,2.8760636214647,Nötr,Örnek yorum 8
R0630,P064,S008,4.789263451353919,Pozitif,Örnek yorum 1
R0631,P064,S008,5.2315174831160185,Nötr,Örnek yorum 2
R0632,P064,S008,5.097917674277262,Pozitif,Örnek yorum 3
R0640,P065,S010,4.53690403477672,Nötr,Örnek yorum 1
R0641,P065,S010,5.2856955607251255,Nötr,Örnek yorum 2
R0642,P065,S010,4.713560206446804,Pozitif,Örnek yorum 3
R0643,P065,S010,4.856718118105235,Pozitif,Örnek yorum 4
R0644,P065,S010,5.03521210932417,Negatif,Örnek yorum 5
R0645,P065,S010,4.978750123286251,Pozitif,Örnek yorum 6
R0646,P065,S010,4.346884096952455,Negatif,Örnek yorum 7
R0650,P066,S012,3.271342524745722,Nötr,Örnek yorum 1
R0651,P066,S012,2.9187344573163125,Nötr,Örnek yorum 2
R0652,P066,S012,2.749217607825164,Pozitif,Örnek yorum 3
R0653,P066,S012,3.3544160972381256,Pozitif,Örnek yorum 4
R0660,P067,S011,2.9253445483799014,Pozitif,Örnek yorum 1
R0661,P067,S011,2.8443517491651784,Nötr,Örnek yorum 2
R0662,P067,S011,2.757623934465542,Pozitif,Örnek yorum 3
R0663,P067,S011,3.116507866660407,Pozitif,Örnek yorum 4
R0664,P067,S011,3.088419048807461,Pozitif,Örnek yorum 5
R0670,P068,S009,4.346705851547945,Pozitif,Örnek yorum 1
R0671,P068,S009,4.547133385919612,Nötr,Örnek yorum 2
R0672,P068,S009,4.424584712307202,Pozitif,Örnek yorum 3
R0673,P068,S009,3.968461587854981,Pozitif,Örnek yorum 4
R0680,P069,S007,2.2395475542070007,Negatif,Örnek yorum 1
R0681,P069,S007,3.004650617850545,Pozitif,Örnek yorum 2
R0682,P069,S007,2.871450522235412,Negatif,Örnek yorum 3
R0683,P069,S007,2.4088890885522503,Pozitif,Örnek yorum 4
R0684,P069,S007,2.503188025631158,Nötr,Örnek yorum 5
R0685,P069,S007,2.4118077720490083,Nötr,Örnek yorum 6
R0686,P069,S007,2.941475203017266,Pozitif,Örnek yorum 7
R0690,P070,S010,3.178920876342366,Nötr,Örnek yorum 1
R0691,P070,S010,3.3044015340787816,Pozitif,Örnek yorum 2
R0692,P070,S010,3.6151264595935566,Pozitif,Örnek yorum 3
R0693,P070,S010,3.4755138820637703,Negatif,Örnek yorum 4
R0694,P070,S010,3.2336501274162632,Pozitif,Örnek yorum 5
R0695,P070,S010,2.9615616273853527,Pozitif,Örnek yorum 6
R0696,P070,S010,3.1972772931009836,Pozitif,Örnek yorum 7
R0700,P071,S009,4.922413573186773,Nötr,Örnek yorum 1
R0701,P071,S009,4.520233284788806,Nötr,Örnek yorum 2
R0710,P072,S007,4.113930170578625,Pozitif,Örnek yorum 1
R0711,P072,S007,3.9212740983162253,Negatif,Örnek yorum 2
R0712,P072,S007,3.96077410990977,Pozitif,Örnek yorum 3
R0720,P073,S008,4.717578073555173,Negatif,Örnek yorum 1
R0721,P073,S008,4.62986528597786,Pozitif,Örnek yorum 2
R0722,P073,S008,5.133362715286985,Pozitif,Örnek yorum 3
R0723,P073,S008,4.954607966121022,Pozitif,Örnek yorum 4
R0724,P073,S008,4.557326757634883,Negatif,Örnek yorum 5
R0725,P073,S008,5.266508267250344,Nötr,Örnek yorum 6
R0730,P074,S002,2.9608289984482052,Negatif,Örnek yorum 1
R0731,P074,S002,2.8521761683319933,Negatif,Örnek yorum 2
R0732,P074,S002,3.0465463287257872,Pozitif,Örnek yorum 3
R0733,P074,S002,3.389364529715008,Pozitif,Örnek yorum 4
R0734,P074,S002,3.4572368939126434,Nötr,Örnek yorum 5
R0735,P074,S002,3.339068493594955,Pozitif,Örnek yorum 6
R0736,P074,S002,3.317995910854753,Pozitif,Örnek yorum 7
R0740,P075,S004,3.3123922224155926,Nötr,Örnek yorum 1
R0741,P075,S004,3.1314333920774455,Nötr,Örnek yorum 2
R0750,P076,S008,4.618719672454394,Pozitif,Örnek yorum 1
R0751,P076,S008,4.46045011891302,Pozitif,Örnek yorum 2
R0752,P076,S008,5.333903721098001,Negatif,Örnek yorum 3
R0753,P076,S008,5.059284341989863,Nötr,Örnek yorum 4
R0754,P076,S008,4.932212485012737,Pozitif,Örnek yorum 5
R0755,P076,S008,4.41672614760263,Pozitif,Örnek yorum 6
R0756,P076,S008,4.935738102923925,Negatif,Örnek yorum 7
R0760,P077,S011,3.3131572209139097,Pozitif,Örnek yorum 1
R0761,P077,S011,3.306167698947429,Negatif,Örnek yorum 2
R0762,P077,S011,2.607016428694493,Nötr,Örnek yorum 3
R0763,P077,S011,2.6488974857402505,Pozitif,Örnek yorum 4
R0770,P078,S004,4.652418196314681,Negatif,Örnek yorum 1
R0771,P078,S004,5.194936332083467,Pozitif,Örnek yorum 2
R0772,P078,S004,5.359297794148531,Pozitif,Örnek yorum 3
R0780,P079,S006,4.790233031639727,Negatif,Örnek yorum 1
R0781,P079,S006,4.484041625470385,Pozitif,Örnek yorum 2
R0782,P079,S006,4.453735719559153,Nötr,Örnek yorum 3
R0783,P079,S006,4.559585850176845,Nötr,Örnek yorum 4
R0784,P079,S006,4.179264022239816,Pozitif,Örnek yorum 5
R0790,P080,S002,4.936748075555639,Pozitif,Örnek yorum 1
R0791,P080,S002,4.382686122505802,Negatif,Örnek yorum 2
R0792,P080,S002,4.944907241943302,Nötr,Örnek yorum 3
R0793,P080,S002,5.27732922328979,Pozitif,Örnek yorum 4
R0794,P080,S002,5.194791212142699,Nötr,Örnek yorum 5
R0795,P080,S002,4.529766497101017,Nötr,Örnek yorum 6
R0800,P081,S002,4.266784146990629,Negatif,Örnek yorum 1
R0801,P081,S002,4.624159266608567,Pozitif,Örnek yorum 2
R0802,P081,S002,3.9803730137594915,Negatif,Örnek yorum 3
R0803,P081,S002,4.358109240479036,Pozitif,Örnek yorum 4
R0804,P081,S002,4.550427600104248,Pozitif,Örnek yorum 5
R0805,P081,S002,3.907158115409584,Pozitif,Örnek yorum 6
R0806,P081,S002,4.520690741484698,Pozitif,Örnek yorum 7
R0807,P081,S002,4.628874940253328,Nötr,Örnek yorum 8
R0810,P082,S010,3.940472194304287,Pozitif,Örnek yorum 1
R0811,P082,S010,4.089156607367359,Nötr,Örnek yorum 2
R0812,P082,S010,4.031729839621828,Nötr,Örnek yorum 3
R0813,P082,S010,3.8399505942351975,Nötr,Örnek yorum 4
R0820,P083,S001,4.900792851637726,Negatif,Örnek yorum 1
R0821,P083,S001,4.453696431947394,Nötr,Örnek yorum 2
R0822,P083,S001,5.238674657613175,Pozitif,Örnek yorum 3
R0823,P083,S001,5.169005653365443,Pozitif,Örnek yorum 4
R0824,P083,S001,4.7967030493089595,Nötr,Örnek yorum 5
R0825,P083,S001,4.429625658945166,Nötr,Örnek yorum 6
R0826,P083,S001,5.392585878450798,Pozitif,Örnek yorum 7
R0830,P084,S012,4.953037724950484,Pozitif,Örnek yorum 1
R0831,P084,S012,4.585737845895402,Pozitif,Örnek yorum 2
R0832,P084,S012,4.780072713536725,Negatif,Örnek yorum 3
R0833,P084,S012,4.695379480705077,Nötr,Örnek yorum 4
R0834,P084,S012,4.473506683722422,Pozitif,Örnek yorum 5
R0840,P085,S008,3.5116771547786163,Pozitif,Örnek yorum 1
R0841,P085,S008,3.5396552889765944,Negatif,Örnek yorum 2
R0842,P085,S008,2.906550917711261,Pozitif,Örnek yorum 3
R0843,P085,S008,3.108267455136298,Pozitif,Örnek yorum 4
R0850,P086,S005,3.502231414113246,Nötr,Örnek yorum 1
R0851,P086,S005,3.830979515976039,Pozitif,Örnek yorum 2
R0852,P086,S005,3.9124408484104585,Negatif,Örnek yorum 3
R0853,P086,S005,3.4896188419603873,Pozitif,Örnek yorum 4
R0860,P087,S001,3.098043797794273,Pozitif,Örnek yorum 1
R0861,P087,S001,2.8852379173959837,Pozitif,Örnek yorum 2
R0862,P087,S001,2.8877995593783936,Pozitif,Örnek yorum 3
R0863,P087,S001,3.401136044856433,Pozitif,Örnek yorum 4
R0864,P087,S001,3.4781730640138875,Nötr,Örnek yorum 5
R0865,P087,S001,2.6695829233923254,Negatif,Örnek yorum 6
R0870,P088,S010,3.5689189635301473,Pozitif,Örnek yorum 1
R0871,P088,S010,3.4459348206465474,Pozitif,Örnek yorum 2
R0872,P088,S010,3.5759618716024035,Pozitif,Örnek yorum 3
R0873,P088,S010,4.082666624165485,Pozitif,Örnek yorum 4
R0874,P088,S010,4.244222295631394,Pozitif,Örnek yorum 5
R0880,P089,S012,4.293806398039079,Negatif,Örnek yorum 1
R0881,P089,S012,3.806972367580902,Pozitif,Örnek yorum 2
R0882,P089,S012,4.6488234623945655,Pozitif,Örnek yorum 3
R0883,P089,S012,4.32019218787469,Pozitif,Örnek yorum 4
R0884,P089,S012,4.02954171627926,Nötr,Örnek yorum 5
R0885,P089,S012,4.515475470003003,Pozitif,Örnek yorum 6
R0886,P089,S012,4.674225376504607,Nötr,Örnek yorum 7
R0890,P090,S008,3.603211268389813,Pozitif,Örnek yorum 1
R0891,P090,S008,3.4790097423954554,Negatif,Örnek yorum 2
R0892,P090,S008,3.398239582544008,Pozitif,Örnek yorum 3
R0900,P091,S008,4.594957767672111,Pozitif,Örnek yorum 1
R0901,P091,S008,4.475879281624961,Pozitif,Örnek yorum 2
R0902,P091,S008,4.276055302324147,Pozitif,Örnek yorum 3
R0903,P091,S008,4.29293512973946,Nötr,Örnek yorum 4
R0910,P092,S005,2.6998000487106073,Nötr,Örnek yorum 1
R0911,P092,S005,2.6799272126086997,Nötr,Örnek yorum 2
R0920,P093,S004,4.453004611486296,Negatif,Örnek yorum 1
R0921,P093,S004,4.208367051256063,Pozitif,Örnek yorum 2
R0922,P093,S004,3.791331207985295,Pozitif,Örnek yorum 3
R0923,P093,S004,4.318965568004458,Negatif,Örnek yorum 4
R0924,P093,S004,3.9091415902449014,Nötr,Örnek yorum 5
R0925,P093,S004,4.133336039653663,Pozitif,Örnek yorum 6
R0926,P093,S004,4.158662968532318,Pozitif,Örnek yorum 7
R0927,P093,S004,4.289076763220063,Negatif,Örnek yorum 8
R0930,P094,S002,2.9979338547530374,Pozitif,Örnek yorum 1
R0931,P094,S002,2.934367401202117,Negatif,Örnek yorum 2
R0940,P095,S005,4.243645203387478,Negatif,Örnek yorum 1
R0941,P095,S005,4.05952949301626,Nötr,Örnek yorum 2
R0942,P095,S005,4.236905986024588,Nötr,Örnek yorum 3
R0943,P095,S005,3.784981934050988,Negatif,Örnek yorum 4
R0944,P095,S005,4.3576016445807655,Nötr,Örnek yorum 5
R0945,P095,S005,4.346999847983405,Pozitif,Örnek yorum 6
R0946,P095,S005,4.683608205951983,Pozitif,Örnek yorum 7
R0947,P095,S005,4.099617746225082,Negatif,Örnek yorum 8
R0950,P096,S002,3.996231064427313,Pozitif,Örnek yorum 1
R0951,P096,S002,3.298606558581728,Pozitif,Örnek yorum 2
R0952,P096,S002,3.946853027632816,Pozitif,Örnek yorum 3
R0953,P096,S002,3.8876644087972894,Negatif,Örnek yorum 4
R0954,P096,S002,3.574119567805038,Pozitif,Örnek yorum 5
R0955,P096,S002,3.8795554875477403,Pozitif,Örnek yorum 6
R0956,P096,S002,3.3507449324799135,Negatif,Örnek yorum 7
R0957,P096,S002,3.6827710844915313,Nötr,Örnek yorum 8
R0960,P097,S005,3.1617278656799703,Pozitif,Örnek yorum 1
R0961,P097,S005,3.140676158146193,Pozitif,Örnek yorum 2
R0962,P097,S005,2.5118903438975417,Pozitif,Örnek yorum 3
R0963,P097,S005,2.4068673262083147,Pozitif,Örnek yorum 4
R0970,P098,S003,2.297623031125709,Pozitif,Örnek yorum 1
R0971,P098,S003,2.6524471932568363,Negatif,Örnek yorum 2
R0972,P098,S003,2.244683052675321,Pozitif,Örnek yorum 3
R0973,P098,S003,2.2225851152031124,Negatif,Örnek yorum 4
R0974,P098,S003,2.309362681784774,Pozitif,Örnek yorum 5
R0980,P099,S010,4.283900470588278,Pozitif,Örnek yorum 1
R0981,P099,S010,3.4744532328241338,Pozitif,Örnek yorum 2
R0982,P099,S010,3.859848952489863,Pozitif,Örnek yorum 3
R0983,P099,S010,3.53185554741141,Nötr,Örnek yorum 4
R0984,P099,S010,3.4844517751513937,Pozitif,Örnek yorum 5
R0985,P099,S010,3.7321344524292823,Negatif,Örnek yorum 6
R0986,P099,S010,3.9141069373719195,Pozitif,Örnek yorum 7
R0987,P099,S010,3.8922031583603682,Pozitif,Örnek yorum 8
R0990,P100,S005,3.814796105070296,Pozitif,Örnek yorum 1
R0991,P100,S005,4.3037597433383,Pozitif,Örnek yorum 2
R0992,P100,S005,4.177347905201852,Nötr,Örnek yorum 3
R0993,P100,S005,4.136889010570644,Nötr,Örnek yorum 4
R0994,P100,S005,3.797074275147545,Pozitif,Örnek yorum 5
R1000,P101,S004,3.262636547457307,Pozitif,Örnek yorum 1
R1001,P101,S004,3.0391085856661504,Pozitif,Örnek yorum 2
R1010,P102,S003,3.5925440057143923,Pozitif,Örnek yorum 1
R1011,P102,S003,3.551984924417122,Pozitif,Örnek yorum 2
R1012,P102,S003,3.37252751301034,Pozitif,Örnek yorum 3
R1013,P102,S003,4.0006133831847075,Negatif,Örnek yorum 4
R1014,P102,S003,3.790168364977479,Nötr,Örnek yorum 5
R1015,P102,S003,3.513185744865698,Negatif,Örnek yorum 6
R1020,P103,S012,2.783044518331484,Pozitif,Örnek yorum 1
R1021,P103,S012,3.110824869487161,Negatif,Örnek yorum 2
R1022,P103,S012,2.7378672985345576,Pozitif,Örnek yorum 3
R1030,P104,S007,4.786670215692383,Pozitif,Örnek yorum 1
R1031,P104,S007,5.219160996714682,Pozitif,Örnek yorum 2
R1032,P104,S007,4.473234802148585,Nötr,Örnek yorum 3
R1033,P104,S007,4.588834774049346,Pozitif,Örnek yorum 4
R1034,P104,S007,5.141985214136548,Pozitif,Örnek yorum 5
R1040,P105,S003,3.7590391721713687,Pozitif,Örnek yorum 1
R1041,P105,S003,3.536534714662496,Pozitif,Örnek yorum 2
R1042,P105,S003,4.363829089414939,Nötr,Örnek yorum 3
R1043,P105,S003,3.8949698478664034,Pozitif,Örnek yorum 4
R1044,P105,S003,3.815630435274112,Negatif,Örnek yorum 5
R1045,P105,S003,3.8886995119396857,Nötr,Örnek yorum 6
R1050,P106,S008,3.4958808896024274,Negatif,Örnek yorum 1
R1051,P106,S008,2.732695086858071,Pozitif,Örnek yorum 2
R1060,P107,S002,3.668208977436574,Pozitif,Örnek yorum 1
R1061,P107,S002,4.242518251929787,Pozitif,Örnek yorum 2
R1062,P107,S002,4.049726184538051,Nötr,Örnek yorum 3
R1070,P108,S011,2.367888909392901,Negatif,Örnek yorum 1
R1071,P108,S011,3.09089362000571,Pozitif,Örnek yorum 2
R1080,P109,S010,3.641610522270233,Nötr,Örnek yorum 1
R1081,P109,S010,4.146353274721964,Negatif,Örnek yorum 2
R1082,P109,S010,3.702416438877498,Nötr,Örnek yorum 3
R1083,P109,S010,4.351345494743672,Nötr,Örnek yorum 4
R1084,P109,S010,4.599312669278907,Pozitif,Örnek yorum 5
R1085,P109,S010,3.9485769768223133,Pozitif,Örnek yorum 6
R1090,P110,S011,3.8652904703762956,Pozitif,Örnek yorum 1
R1091,P110,S011,3.8118889125954065,Pozitif,Örnek yorum 2
R1092,P110,S011,3.737612982004314,Pozitif,Örnek yorum 3
R1093,P110,S011,3.8610486962702417,Negatif,Örnek yorum 4
R1094,P110,S011,3.428167061254245,Negatif,Örnek yorum 5
R1095,P110,S011,3.7848493099705847,Negatif,Örnek yorum 6
R1096,P110,S011,3.8054404933702783,Nötr,Örnek yorum 7
R1097,P110,S011,3.5322807973704116,Negatif,Örnek yorum 8
R1100,P111,S003,4.023653615854682,Pozitif,Örnek yorum 1
R1101,P111,S003,3.9893332434649436,Negatif,Örnek yorum 2
R1102,P111,S003,4.558016844946258,Pozitif,Örnek yorum 3
R1103,P111,S003,4.37929931592331,Nötr,Örnek yorum 4
R1104,P111,S003,4.6627719949937925,Pozitif,Örnek yorum 5
R1105,P111,S003,4.6187687118298255,Nötr,Örnek yorum 6
R1110,P112,S008,4.5268881686138105,Nötr,Örnek yorum 1
R1111,P112,S008,4.64967724193814,Nötr,Örnek yorum 2
R1112,P112,S008,5.228481802698633,Negatif,Örnek yorum 3
R1113,P112,S008,5.076234553699947,Nötr,Örnek yorum 4
R1120,P113,S011,3.132401982461789,Pozitif,Örnek yorum 1
R1121,P113,S011,2.875172327846227,Negatif,Örnek yorum 2
R1122,P113,S011,3.2945986306676645,Pozitif,Örnek yorum 3
R1123,P113,S011,2.9028507733018207,Nötr,Örnek yorum 4
R1124,P113,S011,3.1947036157275446,Negatif,Örnek yorum 5
R1130,P114,S011,3.8880444804377055,Pozitif,Örnek yorum 1
R1131,P114,S011,4.2689077628712,Negatif,Örnek yorum 2
R1132,P114,S011,3.493141658089548,Nötr,Örnek yorum 3
R1133,P114,S011,4.034840545536159,Nötr,Örnek yorum 4
R1140,P115,S002,2.6633306860601746,Pozitif,Örnek yorum 1
R1141,P115,S002,2.817829935015206,Pozitif,Örnek yorum 2
R1142,P115,S002,2.811851466407738,Pozitif,Örnek yorum 3
R1143,P115,S002,3.428343617048808,Pozitif,Örnek yorum 4
R1144,P115,S002,3.1779336402609517,Pozitif,Örnek yorum 5
R1145,P115,S002,3.0853379040085054,Negatif,Örnek yorum 6
R1146,P115,S002,3.282551926093206,Pozitif,Örnek yorum 7
R1150,P116,S009,4.926179522155894,Pozitif,Örnek yorum 1
R1151,P116,S009,4.316281352372744,Nötr,Örnek yorum 2
R1160,P117,S011,3.1565181359699066,Pozitif,Örnek yorum 1
R1161,P117,S011,3.1277993008667098,Nötr,Örnek yorum 2
R1162,P117,S011,3.609407214313098,Nötr,Örnek yorum 3
R1163,P117,S011,3.0018655043764224,Nötr,Örnek yorum 4
R1164,P117,S011,3.576595037236955,Nötr,Örnek yorum 5
R1165,P117,S011,3.060435383397261,Pozitif,Örnek yorum 6
R1166,P117,S011,3.3645088114127537,Pozitif,Örnek yorum 7
R1167,P117,S011,2.751787275048655,Negatif,Örnek yorum 8
R1170,P118,S008,3.0994413715245734,Pozitif,Örnek yorum 1
R1171,P118,S008,3.0554852283835348,Pozitif,Örnek yorum 2
R1172,P118,S008,2.4010863036917236,Negatif,Örnek yorum 3
R1173,P118,S008,2.5326997920399865,Pozitif,Örnek yorum 4
R1174,P118,S008,3.079982725121579,Pozitif,Örnek yorum 5
R1175,P118,S008,3.0955971072880484,Pozitif,Örnek yorum 6
R1176,P118,S008,3.388154909464272,Nötr,Örnek yorum 7
R1180,P119,S002,4.477700241437765,Negatif,Örnek yorum 1
R1181,P119,S002,4.0893310809937375,Pozitif,Örnek yorum 2
R1182,P119,S002,4.103201533208426,Nötr,Örnek yorum 3
R1183,P119,S002,4.299255327411959,Pozitif,Örnek yorum 4
R1184,P119,S002,4.813367923745199,Pozitif,Örnek yorum 5
R1190,P120,S005,4.592940155246385,Pozitif,Örnek yorum 1
R1191,P120,S005,4.1305082765466805,Pozitif,Örnek yorum 2
R1192,P120,S005,4.250020213157806,Pozitif,Örnek yorum 3
R1193,P120,S005,4.322432026364322,Pozitif,Örnek yorum 4
R1194,P120,S005,3.7513741308442805,Negatif,Örnek yorum 5
R1195,P120,S005,4.28656616987574,Pozitif,Örnek yorum 6
R1196,P120,S005,3.6866880334659884,Nötr,Örnek yorum 7
R1197,P120,S005,4.352445646547952,Pozitif,Örnek yorum 8
R1200,P121,S006,4.65153564038313,Negatif,Örnek yorum 1
R1201,P121,S006,5.091076661198066,Pozitif,Örnek yorum 2
R1202,P121,S006,4.944620568187897,Pozitif,Örnek yorum 3
R1203,P121,S006,4.900999061763345,Pozitif,Örnek yorum 4
R1204,P121,S006,4.584920810006333,Negatif,Örnek yorum 5
R1205,P121,S006,4.326824406146199,Nötr,Örnek yorum 6
R1210,P122,S010,4.201649333577199,Negatif,Örnek yorum 1
R1211,P122,S010,4.409522566114713,Pozitif,Örnek yorum 2
R1212,P122,S010,4.195542051242067,Negatif,Örnek yorum 3
R1213,P122,S010,4.79791256035699,Pozitif,Örnek yorum 4
R1214,P122,S010,4.394887719943267,Nötr,Örnek yorum 5
R1215,P122,S010,4.3995825412726575,Pozitif,Örnek yorum 6
R1216,P122,S010,4.428286500936185,Negatif,Örnek yorum 7
R1217,P122,S010,4.886882532843189,Nötr,Örnek yorum 8
R1220,P123,S007,4.0608140039367475,Pozitif,Örnek yorum 1
R1221,P123,S007,3.5654124628480988,Negatif,Örnek yorum 2
R1222,P123,S007,3.962725937895586,Negatif,Örnek yorum 3
R1223,P123,S007,3.970367049224614,Nötr,Örnek yorum 4
R1230,P124,S002,4.31379342572529,Negatif,Örnek yorum 1
R1231,P124,S002,5.2225792889331935,Pozitif,Örnek yorum 2
R1240,P125,S007,4.286487800095757,Pozitif,Örnek yorum 1
R1241,P125,S007,4.767110000665724,Negatif,Örnek yorum 2
R1242,P125,S007,4.4022774106444995,Pozitif,Örnek yorum 3
R1243,P125,S007,4.537655358136051,Negatif,Örnek yorum 4
R1244,P125,S007,4.083597073777816,Pozitif,Örnek yorum 5
R1245,P125,S007,4.920924858772736,Pozitif,Örnek yorum 6
R1246,P125,S007,4.155377131226586,Nötr,Örnek yorum 7
R1247,P125,S007,4.586437163012432,Pozitif,Örnek yorum 8
R1250,P126,S011,4.7810556847092105,Nötr,Örnek yorum 1
R1251,P126,S011,4.798675881605491,Pozitif,Örnek yorum 2
R1252,P126,S011,4.946468115140776,Negatif,Örnek yorum 3
R1253,P126,S011,4.186212798391489,Pozitif,Örnek yorum 4
R1254,P126,S011,4.5533718422971425,Pozitif,Örnek yorum 5
R1255,P126,S011,4.4092900638735255,Negatif,Örnek yorum 6
R1256,P126,S011,4.840658180234178,Negatif,Örnek yorum 7
R1257,P126,S011,4.807900607118098,Pozitif,Örnek yorum 8
R1260,P127,S011,2.596412932522716,Pozitif,Örnek yorum 1
R1261,P127,S011,2.6172228424473634,Pozitif,Örnek yorum 2
R1262,P127,S011,2.3592469615262965,Nötr,Örnek yorum 3
R1263,P127,S011,2.849776384093791,Pozitif,Örnek yorum 4
R1264,P127,S011,2.8329358375550417,Nötr,Örnek yorum 5
R1265,P127,S011,2.999897426585527,Pozitif,Örnek yorum 6
R1266,P127,S011,2.529324569344376,Pozitif,Örnek yorum 7
R1270,P128,S004,4.612323248200496,Pozitif,Örnek yorum 1
R1271,P128,S004,3.977070031286386,Negatif,Örnek yorum 2
R1272,P128,S004,4.260123895521754,Pozitif,Örnek yorum 3
R1273,P128,S004,4.46688612823845,Pozitif,Örnek yorum 4
R1274,P128,S004,4.155116081039078,Pozitif,Örnek yorum 5
R1275,P128,S004,4.473912305192057,Pozitif,Örnek yorum 6
R1280,P129,S008,2.840779962456412,Pozitif,Örnek yorum 1
R1281,P129,S008,2.958689009122018,Pozitif,Örnek yorum 2
R1282,P129,S008,2.145981529889737,Pozitif,Örnek yorum 3
R1283,P129,S008,3.0202265452599875,Pozitif,Örnek yorum 4
R1284,P129,S008,3.0603421453944235,Pozitif,Örnek yorum 5
R1285,P129,S008,2.903115486457554,Pozitif,Örnek yorum 6
R1286,P129,S008,2.7557032944215036,Negatif,Örnek yorum 7
R1290,P130,S006,3.8162565985013153,Pozitif,Örnek yorum 1
R1291,P130,S006,3.6712579580098166,Negatif,Örnek yorum 2
R1292,P130,S006,3.7728081667378612,Pozitif,Örnek yorum 3
R1300,P131,S002,2.652672149087074,Negatif,Örnek yorum 1
R1301,P131,S002,3.1157741306827504,Pozitif,Örnek yorum 2
R1302,P131,S002,3.0009248470435024,Pozitif,Örnek yorum 3
R1303,P131,S002,3.466032229977152,Nötr,Örnek yorum 4
R1304,P131,S002,2.9106977740474114,Nötr,Örnek yorum 5
R1305,P131,S002,3.0567461759445758,Pozitif,Örnek yorum 6
R1310,P132,S008,2.563806740824187,Pozitif,Örnek yorum 1
R1311,P132,S008,2.6227175238921046,Pozitif,Örnek yorum 2
R1312,P132,S008,2.591690934984816,Pozitif,Örnek yorum 3
R1313,P132,S008,2.7726132629505242,Pozitif,Örnek yorum 4
R1320,P133,S011,3.4465592426097555,Negatif,Örnek yorum 1
R1321,P133,S011,3.0505663767932196,Nötr,Örnek yorum 2
R1322,P133,S011,2.923910255976004,Nötr,Örnek yorum 3
R1330,P134,S012,3.839574006896174,Pozitif,Örnek yorum 1
R1331,P134,S012,3.9509902621434434,Nötr,Örnek yorum 2
R1332,P134,S012,3.657303850175998,Pozitif,Örnek yorum 3
R1333,P134,S012,3.7272150390409724,Nötr,Örnek yorum 4
R1334,P134,S012,3.5298144890600125,Pozitif,Örnek yorum 5
R1335,P134,S012,3.4920288768498975,Pozitif,Örnek yorum 6
R1340,P135,S007,3.8423734852049685,Nötr,Örnek yorum 1
R1341,P135,S007,3.74390026570316,Pozitif,Örnek yorum 2
R1350,P136,S005,4.919759218492038,Nötr,Örnek yorum 1
R1351,P136,S005,4.772491974074081,Negatif,Örnek yorum 2
R1352,P136,S005,4.48490241751649,Nötr,Örnek yorum 3
R1360,P137,S005,3.537215680032692,Pozitif,Örnek yorum 1
R1361,P137,S005,3.4918957633362764,Pozitif,Örnek yorum 2
R1370,P138,S011,3.2642182747327406,Pozitif,Örnek yorum 1
R1371,P138,S011,2.56099093892361,Pozitif,Örnek yorum 2
R1380,P139,S005,4.192952670907419,Nötr,Örnek yorum 1
R1381,P139,S005,4.126251568779779,Nötr,Örnek yorum 2
R1382,P139,S005,4.033611226638312,Pozitif,Örnek yorum 3
R1383,P139,S005,3.936111846416719,Nötr,Örnek yorum 4
R1390,P140,S006,4.155410551321936,Negatif,Örnek yorum 1
R1391,P140,S006,4.466055112436662,Pozitif,Örnek yorum 2
R1392,P140,S006,4.535924549090024,Pozitif,Örnek yorum 3
R1393,P140,S006,4.207636225610353,Nötr,Örnek yorum 4
R1394,P140,S006,4.265007926914708,Pozitif,Örnek yorum 5
R1395,P140,S006,4.157615377065516,Pozitif,Örnek yorum 6
R1396,P140,S006,4.8263866879396495,Negatif,Örnek yorum 7
R1397,P140,S006,4.040329808108663,Negatif,Örnek yorum 8
R1400,P141,S003,2.8483237973690994,Nötr,Örnek yorum 1
R1401,P141,S003,3.668400004176369,Negatif,Örnek yorum 2
R1402,P141,S003,2.748950617590423,Pozitif,Örnek yorum 3
R1403,P141,S003,3.5200896158119788,Pozitif,Örnek yorum 4
R1404,P141,S003,3.6520966068237444,Pozitif,Örnek yorum 5
R1405,P141,S003,3.2559537615483887,Nötr,Örnek yorum 6
R1406,P141,S003,2.794725276992047,Negatif,Örnek yorum 7
R1407,P141,S003,3.493809742776998,Pozitif,Örnek yorum 8
R1410,P142,S008,3.430372331894636,Pozitif,Örnek yorum 1
R1411,P142,S008,2.7307152375439783,Nötr,Örnek yorum 2
R1420,P143,S009,3.98628526203556,Pozitif,Örnek yorum 1
R1421,P143,S009,3.3840394242281002,Nötr,Örnek yorum 2
R1422,P143,S009,4.21742858151158,Negatif,Örnek yorum 3
R1423,P143,S009,4.297161426130474,Pozitif,Örnek yorum 4
R1424,P143,S009,3.9459868955867834,Pozitif,Örnek yorum 5
R1425,P143,S009,3.391978638657018,Nötr,Örnek yorum 6
R1426,P143,S009,4.10888720848821,Nötr,Örnek yorum 7
R1427,P143,S009,4.2422806610241155,Pozitif,Örnek yorum 8
R1430,P144,S010,2.8738841998067226,Pozitif,Örnek yorum 1
R1431,P144,S010,2.6949986882219195,Nötr,Örnek yorum 2
R1440,P145,S010,3.9266640184283794,Pozitif,Örnek yorum 1
R1441,P145,S010,4.408304215871923,Pozitif,Örnek yorum 2
R1450,P146,S012,2.983423798893626,Pozitif,Örnek yorum 1
R1451,P146,S012,2.719176548845896,Pozitif,Örnek yorum 2
R1452,P146,S012,2.3951051629997164,Pozitif,Örnek yorum 3
R1453,P146,S012,2.6506886652039805,Pozitif,Örnek yorum 4
R1460,P147,S002,3.483015276024014,Pozitif,Örnek yorum 1
R1461,P147,S002,3.742652525638435,Pozitif,Örnek yorum 2
R1470,P148,S010,4.230754388824755,Pozitif,Örnek yorum 1
R1471,P148,S010,4.39484624430187,Nötr,Örnek yorum 2
R1472,P148,S010,4.381915766845425,Nötr,Örnek yorum 3
R1473,P148,S010,4.1445178060340515,Pozitif,Örnek yorum 4
R1474,P148,S010,4.512677016598366,Pozitif,Örnek yorum 5
R1475,P148,S010,3.9883812745693,Pozitif,Örnek yorum 6
R1476,P148,S010,3.918877567329379,Pozitif,Örnek yorum 7
R1477,P148,S010,4.495764781614313,Pozitif,Örnek yorum 8
R1480,P149,S005,3.908653883572901,Pozitif,Örnek yorum 1
R1481,P149,S005,3.457432892671542,Pozitif,Örnek yorum 2
R1482,P149,S005,3.3327621279208355,Negatif,Örnek yorum 3
R1483,P149,S005,3.347857054001573,Pozitif,Örnek yorum 4
R1484,P149,S005,3.6336895645878102,Pozitif,Örnek yorum 5
R1485,P149,S005,3.837060137509619,Nötr,Örnek yorum 6
R1486,P149,S005,4.047802478219655,Nötr,Örnek yorum 7
R1487,P149,S005,4.082664635758032,Negatif,Örnek yorum 8
R1490,P150,S002,5.239222252305909,Pozitif,Örnek yorum 1
R1491,P150,S002,4.576100367579991,Nötr,Örnek yorum 2
R1492,P150,S002,5.2062102253593885,Negatif,Örnek yorum 3
R1493,P150,S002,5.313980004128535,Negatif,Örnek yorum 4
R1494,P150,S002,5.100560803351419,Pozitif,Örnek yorum 5
R1500,P151,S005,4.663108890864018,Negatif,Örnek yorum 1
R1501,P151,S005,5.088006210404643,Pozitif,Örnek yorum 2
R1502,P151,S005,4.592226723895405,Nötr,Örnek yorum 3
R1503,P151,S005,4.590436420127479,Pozitif,Örnek yorum 4
R1504,P151,S005,4.3326233580832385,Pozitif,Örnek yorum 5
R1505,P151,S005,4.62644851414851,Pozitif,Örnek yorum 6
R1510,P152,S011,3.414134767662468,Pozitif,Örnek yorum 1
R1511,P152,S011,3.1407590442667725,Nötr,Örnek yorum 2
R1520,P153,S002,3.344284086437651,Nötr,Örnek yorum 1
R1521,P153,S002,2.521912896243572,Pozitif,Örnek yorum 2
R1522,P153,S002,3.4172241474811185,Negatif,Örnek yorum 3
R1530,P154,S010,3.926294878577213,Pozitif,Örnek yorum 1
R1531,P154,S010,3.4725316060601976,Pozitif,Örnek yorum 2
R1532,P154,S010,4.062139552798834,Negatif,Örnek yorum 3
R1533,P154,S010,3.7365610711408044,Negatif,Örnek yorum 4
R1534,P154,S010,4.375860671382426,Pozitif,Örnek yorum 5
R1535,P154,S010,3.836868382929582,Negatif,Örnek yorum 6
R1536,P154,S010,3.8872000191299634,Negatif,Örnek yorum 7
R1537,P154,S010,4.107182921236328,Pozitif,Örnek yorum 8
R1540,P155,S003,2.9288452089854253,Negatif,Örnek yorum 1
R1541,P155,S003,2.2232372139806422,Nötr,Örnek yorum 2
R1542,P155,S003,2.175351629990221,Negatif,Örnek yorum 3
R1543,P155,S003,2.6884984395989573,Pozitif,Örnek yorum 4
R1544,P155,S003,2.728830955935999,Pozitif,Örnek yorum 5
R1545,P155,S003,2.948698159849903,Nötr,Örnek yorum 6
R1550,P156,S012,3.9708303925781245,Nötr,Örnek yorum 1
R1551,P156,S012,3.3820817560135477,Negatif,Örnek yorum 2
R1552,P156,S012,4.0088069257701315,Pozitif,Örnek yorum 3
R1553,P156,S012,3.839646772783624,Negatif,Örnek yorum 4
R1554,P156,S012,3.69618505791309,Pozitif,Örnek yorum 5
R1560,P157,S008,4.237995925149397,Negatif,Örnek yorum 1
R1561,P157,S008,4.167887416751584,Nötr,Örnek yorum 2
R1562,P157,S008,4.088726012570127,Nötr,Örnek yorum 3
R1563,P157,S008,4.639102687904879,Negatif,Örnek yorum 4
R1570,P158,S008,3.465212440562876,Pozitif,Örnek yorum 1
R1571,P158,S008,3.267794780064234,Pozitif,Örnek yorum 2
R1572,P158,S008,3.3080346012146293,Pozitif,Örnek yorum 3
R1573,P158,S008,3.58593709795341,Pozitif,Örnek yorum 4
R1580,P159,S008,2.366338442895949,Pozitif,Örnek yorum 1
R1581,P159,S008,3.081770658334438,Pozitif,Örnek yorum 2
R1582,P159,S008,2.5753475703405484,Pozitif,Örnek yorum 3
R1583,P159,S008,2.98872999447622,Nötr,Örnek yorum 4
R1584,P159,S008,2.9582435435590178,Negatif,Örnek yorum 5
R1585,P159,S008,2.651287419153075,Pozitif,Örnek yorum 6
R1586,P159,S008,2.2334127865352382,Nötr,Örnek yorum 7
R1590,P160,S003,4.75166213143412,Pozitif,Örnek yorum 1
R1591,P160,S003,3.9701052031511903,Pozitif,Örnek yorum 2
R1600,P161,S008,3.8750024210441576,Pozitif,Örnek yorum 1
R1601,P161,S008,4.77804152289856,Nötr,Örnek yorum 2
R1602,P161,S008,4.785276100141143,Pozitif,Örnek yorum 3
R1603,P161,S008,4.5045046465917915,Nötr,Örnek yorum 4
R1604,P161,S008,4.453635175265351,Pozitif,Örnek yorum 5
R1610,P162,S007,4.257103777330784,Nötr,Örnek yorum 1
R1611,P162,S007,4.3055504767179364,Pozitif,Örnek yorum 2
R1612,P162,S007,4.797196703807357,Pozitif,Örnek yorum 3
R1613,P162,S007,4.829974005670289,Negatif,Örnek yorum 4
R1614,P162,S007,4.381523073445265,Pozitif,Örnek yorum 5
R1615,P162,S007,4.14963544303851,Pozitif,Örnek yorum 6
R1620,P163,S006,4.890948275875971,Pozitif,Örnek yorum 1
R1621,P163,S006,4.403815572169468,Pozitif,Örnek yorum 2
R1622,P163,S006,5.223897307083162,Pozitif,Örnek yorum 3
R1623,P163,S006,4.880328397450409,Negatif,Örnek yorum 4
R1624,P163,S006,4.606952982923628,Pozitif,Örnek yorum 5
R1625,P163,S006,5.377057695999266,Negatif,Örnek yorum 6
R1630,P164,S002,2.5083534001177297,Nötr,Örnek yorum 1
R1631,P164,S002,2.6890968121206575,Pozitif,Örnek yorum 2
R1632,P164,S002,2.2911368775506795,Negatif,Örnek yorum 3
R1633,P164,S002,2.3848812205420473,Pozitif,Örnek yorum 4
R1634,P164,S002,2.569401664931945,Nötr,Örnek yorum 5
R1640,P165,S009,4.139740422852769,Pozitif,Örnek yorum 1
R1641,P165,S009,4.537078752134457,Pozitif,Örnek yorum 2
R1642,P165,S009,3.851130674423539,Negatif,Örnek yorum 3
R1643,P165,S009,3.7967026210256467,Negatif,Örnek yorum 4
R1644,P165,S009,4.508180157404013,Negatif,Örnek yorum 5
R1650,P166,S012,3.4897264423036036,Nötr,Örnek yorum 1
R1651,P166,S012,3.7407971664302506,Negatif,Örnek yorum 2
R1652,P166,S012,3.3186320749344507,Nötr,Örnek yorum 3
R1653,P166,S012,3.766894013705562,Pozitif,Örnek yorum 4
R1654,P166,S012,3.7816538694176227,Pozitif,Örnek yorum 5
R1660,P167,S003,3.294804365208575,Pozitif,Örnek yorum 1
R1661,P167,S003,2.9347284935571363,Nötr,Örnek yorum 2
R1662,P167,S003,3.4168173968825513,Negatif,Örnek yorum 3
R1663,P167,S003,3.8827547641118847,Negatif,Örnek yorum 4
R1664,P167,S003,3.8492548164515847,Pozitif,Örnek yorum 5
R1670,P168,S005,5.3843679902491335,Pozitif,Örnek yorum 1
R1671,P168,S005,5.208460721319364,Nötr,Örnek yorum 2
R1672,P168,S005,4.8233748993156,Pozitif,Örnek yorum 3
R1673,P168,S005,4.835393245532508,Nötr,Örnek yorum 4
R1674,P168,S005,5.0272262122323985,Nötr,Örnek yorum 5
R1680,P169,S010,2.8197494887620547,Negatif,Örnek yorum 1
R1681,P169,S010,3.3073436697349843,Negatif,Örnek yorum 2
R1682,P169,S010,3.0563642039697987,Pozitif,Örnek yorum 3
R1683,P169,S010,3.356624180646247,Negatif,Örnek yorum 4
R1684,P169,S010,3.417161910783248,Pozitif,Örnek yorum 5
R1685,P169,S010,3.200412121586933,Pozitif,Örnek yorum 6
R1686,P169,S010,3.2816856609254614,Negatif,Örnek yorum 7
R1687,P169,S010,2.6496423195913414,Pozitif,Örnek yorum 8
R1690,P170,S006,4.158377387857673,Negatif,Örnek yorum 1
R1691,P170,S006,4.324928166759273,Nötr,Örnek yorum 2
R1692,P170,S006,3.5009904428254486,Negatif,Örnek yorum 3
R1693,P170,S006,3.9356334811459166,Pozitif,Örnek yorum 4
R1694,P170,S006,3.8108900372992203,Pozitif,Örnek yorum 5
R1695,P170,S006,3.8855847922863305,Pozitif,Örnek yorum 6
R1700,P171,S012,3.472199728156731,Pozitif,Örnek yorum 1
R1701,P171,S012,3.918244488601798,Pozitif,Örnek yorum 2
R1702,P171,S012,3.7017198982744106,Negatif,Örnek yorum 3
R1703,P171,S012,4.17895763167362,Pozitif,Örnek yorum 4
R1704,P171,S012,3.349290975524111,Negatif,Örnek yorum 5
R1705,P171,S012,3.5685843549447607,Pozitif,Örnek yorum 6
R1710,P172,S006,4.717385925305278,Pozitif,Örnek yorum 1
R1711,P172,S006,4.180346653184642,Pozitif,Örnek yorum 2
R1712,P172,S006,4.596182844674975,Pozitif,Örnek yorum 3
R1713,P172,S006,4.768900025099199,Pozitif,Örnek yorum 4
R1720,P173,S001,2.9437236416571633,Pozitif,Örnek yorum 1
R1721,P173,S001,2.520868315319866,Nötr,Örnek yorum 2
R1722,P173,S001,2.8049791324552507,Negatif,Örnek yorum 3
R1730,P174,S008,4.111390502105898,Pozitif,Örnek yorum 1
R1731,P174,S008,4.6409447989200086,Nötr,Örnek yorum 2
R1740,P175,S002,3.673910209693144,Pozitif,Örnek yorum 1
R1741,P175,S002,4.0914903920812336,Pozitif,Örnek yorum 2
R1742,P175,S002,4.009569398364389,Pozitif,Örnek yorum 3
R1743,P175,S002,4.080516429627652,Pozitif,Örnek yorum 4
R1744,P175,S002,3.8686722996007514,Pozitif,Örnek yorum 5
R1745,P175,S002,4.175180556125417,Pozitif,Örnek yorum 6
R1746,P175,S002,3.3576275158635545,Pozitif,Örnek yorum 7
R1747,P175,S002,3.3505592816921403,Pozitif,Örnek yorum 8
R1750,P176,S007,3.073977498474359,Negatif,Örnek yorum 1
R1751,P176,S007,3.3051263749371635,Nötr,Örnek yorum 2
R1752,P176,S007,2.9238728588906997,Negatif,Örnek yorum 3
R1753,P176,S007,3.172466761535307,Pozitif,Örnek yorum 4
R1760,P177,S005,4.860520378280288,Pozitif,Örnek yorum 1
R1761,P177,S005,4.4513337206077574,Pozitif,Örnek yorum 2
R1762,P177,S005,4.737653770256728,Pozitif,Örnek yorum 3
R1763,P177,S005,4.730870201355596,Pozitif,Örnek yorum 4
R1764,P177,S005,3.9274504898977707,Pozitif,Örnek yorum 5
R1765,P177,S005,4.7538213265855465,Pozitif,Örnek yorum 6
R1770,P178,S009,4.557111187438302,Nötr,Örnek yorum 1
R1771,P178,S009,4.377695246090971,Negatif,Örnek yorum 2
R1772,P178,S009,4.109507196495542,Pozitif,Örnek yorum 3
R1773,P178,S009,4.480303664260644,Pozitif,Örnek yorum 4
R1774,P178,S009,3.708897986070046,Nötr,Örnek yorum 5
R1775,P178,S009,4.347371554175024,Nötr,Örnek yorum 6
R1776,P178,S009,3.7084637271148715,Negatif,Örnek yorum 7
R1777,P178,S009,4.5050855691954865,Pozitif,Örnek yorum 8
R1780,P179,S012,2.909368196448239,Negatif,Örnek yorum 1
R1781,P179,S012,3.0954829750692507,Pozitif,Örnek yorum 2
R1782,P179,S012,2.65899801889061,Nötr,Örnek yorum 3
R1783,P179,S012,2.502145091274352,Pozitif,Örnek yorum 4
R1790,P180,S010,2.69715253997212,Nötr,Örnek yorum 1
R1791,P180,S010,2.8115137174683014,Pozitif,Örnek yorum 2
R1792,P180,S010,3.143283950085777,Negatif,Örnek yorum 3
R1793,P180,S010,2.94734212006459,Pozitif,Örnek yorum 4
R1794,P180,S010,2.5984759262532973,Negatif,Örnek yorum 5
R1795,P180,S010,2.3638370538971096,Pozitif,Örnek yorum 6
R1800,P181,S003,4.561491600251831,Negatif,Örnek yorum 1
R1801,P181,S003,4.411093775571792,Pozitif,Örnek yorum 2
R1802,P181,S003,3.9987911119189867,Nötr,Örnek yorum 3
R1803,P181,S003,4.465474388303623,Pozitif,Örnek yorum 4
R1810,P182,S002,3.0023637444528117,Nötr,Örnek yorum 1
R1811,P182,S002,2.8605303236811292,Negatif,Örnek yorum 2
R1820,P183,S004,3.6254552711203734,Pozitif,Örnek yorum 1
R1821,P183,S004,3.8956046332376166,Pozitif,Örnek yorum 2
R1822,P183,S004,4.00459889462795,Nötr,Örnek yorum 3
R1823,P183,S004,4.183023702413357,Negatif,Örnek yorum 4
R1824,P183,S004,4.416014701052868,Nötr,Örnek yorum 5
R1825,P183,S004,4.313369289207184,Pozitif,Örnek yorum 6
R1826,P183,S004,4.238313589877613,Negatif,Örnek yorum 7
R1830,P184,S006,3.271868475962409,Nötr,Örnek yorum 1
R1831,P184,S006,3.4454192442445954,Pozitif,Örnek yorum 2
R1832,P184,S006,3.4764947843421106,Nötr,Örnek yorum 3
R1833,P184,S006,2.6976030638127093,Pozitif,Örnek yorum 4
R1834,P184,S006,2.858651850560208,Pozitif,Örnek yorum 5
R1840,P185,S003,5.312624762826178,Negatif,Örnek yorum 1
R1841,P185,S003,5.299591157850865,Nötr,Örnek yorum 2
R1842,P185,S003,4.622253511512901,Negatif,Örnek yorum 3
R1843,P185,S003,5.271432232164482,Pozitif,Örnek yorum 4
R1844,P185,S003,5.286843549693504,Pozitif,Örnek yorum 5
R1845,P185,S003,4.9855706952069045,Pozitif,Örnek yorum 6
R1846,P185,S003,4.5177814712415385,Pozitif,Örnek yorum 7
R1847,P185,S003,5.034396743652036,Pozitif,Örnek yorum 8
R1850,P186,S010,4.271215737404076,Nötr,Örnek yorum 1
R1851,P186,S010,4.700477374492705,Nötr,Örnek yorum 2
R1852,P186,S010,4.581669219805587,Nötr,Örnek yorum 3
R1853,P186,S010,4.254061970642575,Pozitif,Örnek yorum 4
R1854,P186,S010,4.337365259173124,Nötr,Örnek yorum 5
R1855,P186,S010,4.609191846752104,Pozitif,Örnek yorum 6
R1860,P187,S011,4.086649255883481,Nötr,Örnek yorum 1
R1861,P187,S011,3.962393943337116,Pozitif,Örnek yorum 2
R1862,P187,S011,3.180811466929174,Pozitif,Örnek yorum 3
R1863,P187,S011,4.08664037269968,Pozitif,Örnek yorum 4
R1864,P187,S011,3.158013588225197,Pozitif,Örnek yorum 5
R1865,P187,S011,3.309382368335078,Pozitif,Örnek yorum 6
R1870,P188,S010,3.964483736145758,Pozitif,Örnek yorum 1
R1871,P188,S010,3.9635691671054993,Pozitif,Örnek yorum 2
R1872,P188,S010,3.814479738725062,Pozitif,Örnek yorum 3
R1873,P188,S010,3.6033934803979504,Negatif,Örnek yorum 4
R1874,P188,S010,3.583316420053461,Nötr,Örnek yorum 5
R1875,P188,S010,3.399414251228117,Pozitif,Örnek yorum 6
R1876,P188,S010,3.2140771187246324,Pozitif,Örnek yorum 7
R1877,P188,S010,4.033228666566564,Pozitif,Örnek yorum 8
R1880,P189,S005,3.3041238339743533,Pozitif,Örnek yorum 1
R1881,P189,S005,3.526265711289083,Negatif,Örnek yorum 2
R1882,P189,S005,3.612092260486862,Nötr,Örnek yorum 3
R1890,P190,S008,3.3886706881680717,Pozitif,Örnek yorum 1
R1891,P190,S008,3.62384382967441,Pozitif,Örnek yorum 2
R1900,P191,S001,2.655926311968505,Nötr,Örnek yorum 1
R1901,P191,S001,2.7241176436680195,Pozitif,Örnek yorum 2
R1902,P191,S001,2.8867801546713148,Pozitif,Örnek yorum 3
R1903,P191,S001,3.1961389146848305,Pozitif,Örnek yorum 4
R1910,P192,S004,3.6884260338908694,Pozitif,Örnek yorum 1
R1911,P192,S004,4.418205408841433,Nötr,Örnek yorum 2
R1912,P192,S004,3.7284182848358256,Pozitif,Örnek yorum 3
R1913,P192,S004,3.6312057764171826,Negatif,Örnek yorum 4
R1914,P192,S004,4.089692834799242,Negatif,Örnek yorum 5
R1920,P193,S007,2.8111100900958506,Pozitif,Örnek yorum 1
R1921,P193,S007,2.4751924326758394,Nötr,Örnek yorum 2
R1922,P193,S007,2.8712496633435296,Negatif,Örnek yorum 3
R1930,P194,S002,3.694680233657065,Pozitif,Örnek yorum 1
R1931,P194,S002,3.353567618400753,Negatif,Örnek yorum 2
R1932,P194,S002,3.3897497483774264,Pozitif,Örnek yorum 3
R1933,P194,S002,3.0802537629276148,Pozitif,Örnek yorum 4
R1934,P194,S002,3.174396338327737,Pozitif,Örnek yorum 5
R1935,P194,S002,3.395192029220909,Pozitif,Örnek yorum 6
R1940,P195,S006,3.320871456426863,Pozitif,Örnek yorum 1
R1941,P195,S006,3.4203092341868366,Pozitif,Örnek yorum 2
R1942,P195,S006,3.600726346203413,Negatif,Örnek yorum 3
R1943,P195,S006,3.7986219250031876,Pozitif,Örnek yorum 4
R1944,P195,S006,3.517697955055047,Pozitif,Örnek yorum 5
R1945,P195,S006,3.6847600661684847,Pozitif,Örnek yorum 6
R1946,P195,S006,3.5090018093567297,Pozitif,Örnek yorum 7
R1950,P196,S003,3.4231461075925806,Pozitif,Örnek yorum 1
R1951,P196,S003,3.6034367502462583,Pozitif,Örnek yorum 2
R1952,P196,S003,2.9394057076285685,Pozitif,Örnek yorum 3
R1953,P196,S003,3.1076939842716147,Pozitif,Örnek yorum 4
R1954,P196,S003,3.230603616196701,Nötr,Örnek yorum 5
R1955,P196,S003,3.571633132465205,Pozitif,Örnek yorum 6
R1956,P196,S003,3.735232165263241,Nötr,Örnek yorum 7
R1957,P196,S003,3.049144492666766,Negatif,Örnek yorum 8
R1960,P197,S011,4.375048213627663,Nötr,Örnek yorum 1
R1961,P197,S011,5.204779383956582,Negatif,Örnek yorum 2
R1970,P198,S009,5.388665930757605,Pozitif,Örnek yorum 1
R1971,P198,S009,4.864277357236149,Pozitif,Örnek yorum 2
R1972,P198,S009,4.574701808945392,Pozitif,Örnek yorum 3
R1973,P198,S009,4.69056717723768,Pozitif,Örnek yorum 4
R1974,P198,S009,4.712707106962765,Nötr,Örnek yorum 5
R1975,P198,S009,4.4949984703305805,Negatif,Örnek yorum 6
R1976,P198,S009,4.445889087093415,Nötr,Örnek yorum 7
R1980,P199,S004,3.3471986261793396,Pozitif,Örnek yorum 1
R1981,P199,S004,3.594527617377896,Pozitif,Örnek yorum 2
R1982,P199,S004,2.9683093985801605,Nötr,Örnek yorum 3
R1983,P199,S004,3.072622153274449,Negatif,Örnek yorum 4
R1984,P199,S004,2.81383199990375,Pozitif,Örnek yorum 5
R1985,P199,S004,3.156538686691471,Pozitif,Örnek yorum 6
R1986,P199,S004,3.3899024311503143,Nötr,Örnek yorum 7
R1987,P199,S004,3.121739821499933,Pozitif,Örnek yorum 8
R1990,P200,S011,3.0325115762365598,Pozitif,Örnek yorum 1
R1991,P200,S011,3.8815691705231887,Negatif,Örnek yorum 2
R1992,P200,S011,3.0037131057383695,Nötr,Örnek yorum 3
R1993,P200,S011,3.3826748505403454,Nötr,Örnek yorum 4
R1994,P200,S011,3.3381628050003984,Negatif,Örnek yorum 5
R1995,P200,S011,3.6791642945900476,Negatif,Örnek yorum 6
R1996,P200,S011,3.7625757745240938,Negatif,Örnek yorum 7
R1997,P200,S011,3.6272786347079617,Nötr,Örnek yorum 8
